Driver,Compound,TyreLife,FuelLoad,LapTimeSeconds
VER,SOFT,4.0,108.4,97.284
VER,SOFT,5.0,106.8,96.296
VER,SOFT,6.0,105.2,96.753
VER,SOFT,7.0,103.6,96.647
VER,SOFT,8.0,102.0,97.173
VER,SOFT,9.0,100.4,97.092
VER,SOFT,10.0,98.8,97.038
VER,SOFT,11.0,97.2,97.024
VER,SOFT,12.0,95.6,97.229
VER,SOFT,13.0,94.0,96.96
VER,SOFT,14.0,92.4,97.085
VER,SOFT,15.0,90.8,97.045
VER,SOFT,16.0,89.2,97.03
VER,SOFT,17.0,87.6,97.028
VER,SOFT,18.0,86.0,97.011
VER,SOFT,19.0,84.4,97.168
VER,SOFT,20.0,82.8,99.896
VER,HARD,2.0,79.6,95.283
VER,HARD,3.0,78.0,95.16
VER,HARD,4.0,76.4,95.316
VER,HARD,5.0,74.8,95.204
VER,HARD,6.0,73.19999999999999,95.216
VER,HARD,7.0,71.6,95.289
VER,HARD,8.0,70.0,95.342
VER,HARD,9.0,68.4,95.223
VER,HARD,10.0,66.8,95.581
VER,HARD,11.0,65.19999999999999,95.477
VER,HARD,12.0,63.6,95.793
VER,HARD,13.0,62.0,95.771
VER,HARD,14.0,60.4,95.679
VER,HARD,15.0,58.8,95.886
VER,HARD,16.0,57.2,95.863
VER,HARD,17.0,55.6,96.133
VER,HARD,18.0,54.0,96.018
VER,HARD,19.0,52.4,96.205
VER,HARD,20.0,50.8,99.234
VER,SOFT,2.0,47.6,92.608
VER,SOFT,3.0,46.0,96.589
VER,SOFT,4.0,44.39999999999999,95.29
VER,SOFT,5.0,42.8,94.667
VER,SOFT,6.0,41.2,94.151
VER,SOFT,7.0,39.6,94.531
VER,SOFT,8.0,38.0,94.249
VER,SOFT,9.0,36.39999999999999,94.193
VER,SOFT,10.0,34.8,94.239
VER,SOFT,11.0,33.19999999999999,94.35
VER,SOFT,12.0,31.599999999999994,94.403
VER,SOFT,13.0,30.0,94.783
VER,SOFT,14.0,28.39999999999999,94.34
VER,SOFT,15.0,26.8,94.906
VER,SOFT,16.0,25.19999999999999,95.6
VER,SOFT,17.0,23.599999999999994,95.334
VER,SOFT,18.0,22.0,95.184
VER,SOFT,19.0,20.39999999999999,94.671
VER,SOFT,20.0,18.8,94.923
PER,SOFT,4.0,108.4,100.053
PER,SOFT,5.0,106.8,96.541
PER,SOFT,6.0,105.2,97.297
PER,SOFT,7.0,103.6,97.722
PER,SOFT,8.0,102.0,98.044
PER,SOFT,9.0,100.4,97.823
PER,SOFT,10.0,98.8,97.821
PER,SOFT,11.0,97.2,97.838
PER,SOFT,12.0,95.6,97.596
PER,SOFT,13.0,94.0,97.63
PER,SOFT,14.0,92.4,97.836
PER,SOFT,15.0,90.8,100.277
PER,HARD,2.0,87.6,95.606
PER,HARD,3.0,86.0,96.815
PER,HARD,4.0,84.4,95.783
PER,HARD,5.0,82.8,96.454
PER,HARD,6.0,81.2,96.311
PER,HARD,7.0,79.6,96.038
PER,HARD,8.0,78.0,96.278
PER,HARD,9.0,76.4,96.165
PER,HARD,10.0,74.8,96.037
PER,HARD,11.0,73.19999999999999,96.249
PER,HARD,12.0,71.6,96.211
PER,HARD,13.0,70.0,96.344
PER,HARD,14.0,68.4,96.347
PER,HARD,15.0,66.8,96.233
PER,HARD,16.0,65.19999999999999,96.226
PER,HARD,17.0,63.6,96.437
PER,HARD,18.0,62.0,96.313
PER,HARD,19.0,60.4,96.339
PER,HARD,20.0,58.8,96.276
PER,HARD,21.0,57.2,96.564
PER,HARD,22.0,55.6,96.378
PER,HARD,23.0,54.0,96.776
PER,HARD,24.0,52.4,99.365
PER,SOFT,2.0,49.2,94.804
PER,SOFT,3.0,47.6,94.607
PER,SOFT,4.0,46.0,94.364
PER,SOFT,5.0,44.39999999999999,94.4
PER,SOFT,6.0,42.8,94.525
PER,SOFT,7.0,41.2,94.797
PER,SOFT,8.0,39.6,94.799
PER,SOFT,9.0,38.0,94.592
PER,SOFT,10.0,36.39999999999999,94.844
PER,SOFT,11.0,34.8,94.73
PER,SOFT,12.0,33.19999999999999,94.885
PER,SOFT,13.0,31.599999999999994,94.966
PER,SOFT,14.0,30.0,95.082
PER,SOFT,15.0,28.39999999999999,94.94
PER,SOFT,16.0,26.8,95.183
PER,SOFT,17.0,25.19999999999999,95.842
PER,SOFT,18.0,23.599999999999994,95.459
PER,SOFT,19.0,22.0,95.611
PER,SOFT,20.0,20.39999999999999,95.568
PER,SOFT,21.0,18.8,95.746
SAI,SOFT,4.0,108.4,100.62
SAI,SOFT,5.0,106.8,97.236
SAI,SOFT,6.0,105.2,97.08
SAI,SOFT,7.0,103.6,97.264
SAI,SOFT,8.0,102.0,98.032
SAI,SOFT,9.0,100.4,97.741
SAI,SOFT,10.0,98.8,98.26
SAI,SOFT,11.0,97.2,98.183
SAI,SOFT,12.0,95.6,98.03
SAI,SOFT,13.0,94.0,97.608
SAI,SOFT,14.0,92.4,97.656
SAI,SOFT,15.0,90.8,97.65
SAI,SOFT,16.0,89.2,97.243
SAI,SOFT,17.0,87.6,99.753
SAI,HARD,2.0,84.4,96.376
SAI,HARD,3.0,82.8,95.507
SAI,HARD,4.0,81.2,96.088
SAI,HARD,5.0,79.6,96.236
SAI,HARD,6.0,78.0,96.034
SAI,HARD,7.0,76.4,96.104
SAI,HARD,8.0,74.8,96.008
SAI,HARD,9.0,73.19999999999999,96.149
SAI,HARD,10.0,71.6,96.2
SAI,HARD,11.0,70.0,96.22
SAI,HARD,12.0,68.4,96.221
SAI,HARD,13.0,66.8,96.272
SAI,HARD,14.0,65.19999999999999,96.534
SAI,HARD,15.0,63.6,96.6
SAI,HARD,16.0,62.0,96.337
SAI,HARD,17.0,60.4,96.537
SAI,HARD,18.0,58.8,96.762
SAI,HARD,19.0,57.2,96.556
SAI,HARD,20.0,55.6,96.551
SAI,HARD,21.0,54.0,99.274
SAI,HARD,2.0,50.8,95.302
SAI,HARD,3.0,49.2,95.1
SAI,HARD,4.0,47.6,94.709
SAI,HARD,5.0,46.0,94.739
SAI,HARD,6.0,44.39999999999999,95.041
SAI,HARD,7.0,42.8,94.861
SAI,HARD,8.0,41.2,94.795
SAI,HARD,9.0,39.6,94.507
SAI,HARD,10.0,38.0,94.79
SAI,HARD,11.0,36.39999999999999,94.853
SAI,HARD,12.0,34.8,94.901
SAI,HARD,13.0,33.19999999999999,94.981
SAI,HARD,14.0,31.599999999999994,95.44
SAI,HARD,15.0,30.0,95.142
SAI,HARD,16.0,28.39999999999999,95.282
SAI,HARD,17.0,26.8,95.083
SAI,HARD,18.0,25.19999999999999,95.211
SAI,HARD,19.0,23.599999999999994,95.309
SAI,HARD,20.0,22.0,95.407
SAI,HARD,21.0,20.39999999999999,95.305
SAI,HARD,22.0,18.8,95.327
LEC,SOFT,4.0,108.4,98.271
LEC,SOFT,5.0,106.8,96.862
LEC,SOFT,6.0,105.2,98.062
LEC,SOFT,7.0,103.6,97.752
LEC,SOFT,8.0,102.0,98.131
LEC,SOFT,9.0,100.4,97.782
LEC,SOFT,10.0,98.8,98.957
LEC,SOFT,11.0,97.2,98.136
LEC,SOFT,12.0,95.6,97.844
LEC,SOFT,13.0,94.0,97.884
LEC,SOFT,14.0,92.4,101.737
LEC,HARD,2.0,89.2,96.432
LEC,HARD,3.0,87.6,96.756
LEC,HARD,4.0,86.0,96.813
LEC,HARD,5.0,84.4,96.673
LEC,HARD,6.0,82.8,97.302
LEC,HARD,7.0,81.2,97.438
LEC,HARD,8.0,79.6,96.821
LEC,HARD,9.0,78.0,96.794
LEC,HARD,10.0,76.4,96.977
LEC,HARD,11.0,74.8,96.796
LEC,HARD,12.0,73.19999999999999,96.987
LEC,HARD,13.0,71.6,96.924
LEC,HARD,14.0,70.0,96.76
LEC,HARD,15.0,68.4,96.81
LEC,HARD,16.0,66.8,96.831
LEC,HARD,17.0,65.19999999999999,96.907
LEC,HARD,18.0,63.6,96.963
LEC,HARD,19.0,62.0,97.158
LEC,HARD,20.0,60.4,97.031
LEC,HARD,21.0,58.8,96.941
LEC,HARD,22.0,57.2,96.741
LEC,HARD,23.0,55.6,99.614
LEC,HARD,2.0,52.4,94.09
LEC,HARD,3.0,50.8,94.897
LEC,HARD,4.0,49.2,94.783
LEC,HARD,5.0,47.6,95.087
LEC,HARD,6.0,46.0,94.859
LEC,HARD,7.0,44.39999999999999,95.028
LEC,HARD,8.0,42.8,94.982
LEC,HARD,9.0,41.2,95.192
LEC,HARD,10.0,39.6,95.051
LEC,HARD,11.0,38.0,95.22
LEC,HARD,12.0,36.39999999999999,95.058
LEC,HARD,13.0,34.8,95.057
LEC,HARD,14.0,33.19999999999999,95.308
LEC,HARD,15.0,31.599999999999994,95.302
LEC,HARD,16.0,30.0,95.383
LEC,HARD,17.0,28.39999999999999,95.418
LEC,HARD,18.0,26.8,95.394
LEC,HARD,19.0,25.19999999999999,95.48
LEC,HARD,20.0,23.599999999999994,95.265
LEC,HARD,21.0,22.0,95.785
LEC,HARD,22.0,20.39999999999999,95.924
LEC,HARD,23.0,18.8,96.324
RUS,SOFT,4.0,108.4,99.228
RUS,SOFT,5.0,106.8,96.635
RUS,SOFT,6.0,105.2,96.406
RUS,SOFT,7.0,103.6,97.738
RUS,SOFT,8.0,102.0,98.116
RUS,SOFT,9.0,100.4,97.784
RUS,SOFT,10.0,98.8,98.082
RUS,SOFT,11.0,97.2,97.862
RUS,SOFT,12.0,95.6,97.73
RUS,SOFT,13.0,94.0,97.782
RUS,SOFT,14.0,92.4,100.515
RUS,HARD,2.0,89.2,97.167
RUS,HARD,3.0,87.6,97.571
RUS,HARD,4.0,86.0,96.922
RUS,HARD,5.0,84.4,96.683
RUS,HARD,6.0,82.8,96.234
RUS,HARD,7.0,81.2,97.819
RUS,HARD,8.0,79.6,97.233
RUS,HARD,9.0,78.0,96.732
RUS,HARD,10.0,76.4,96.769
RUS,HARD,11.0,74.8,96.992
RUS,HARD,12.0,73.19999999999999,96.954
RUS,HARD,13.0,71.6,96.736
RUS,HARD,14.0,70.0,96.928
RUS,HARD,15.0,68.4,96.801
RUS,HARD,16.0,66.8,96.815
RUS,HARD,17.0,65.19999999999999,96.911
RUS,HARD,18.0,63.6,97.066
RUS,HARD,19.0,62.0,97.186
RUS,HARD,20.0,60.4,99.405
RUS,HARD,2.0,57.2,95.838
RUS,HARD,3.0,55.6,95.241
RUS,HARD,4.0,54.0,95.772
RUS,HARD,5.0,52.4,95.434
RUS,HARD,6.0,50.8,95.481
RUS,HARD,7.0,49.2,95.479
RUS,HARD,8.0,47.6,95.204
RUS,HARD,9.0,46.0,95.065
RUS,HARD,10.0,44.39999999999999,95.093
RUS,HARD,11.0,42.8,95.136
RUS,HARD,12.0,41.2,95.193
RUS,HARD,13.0,39.6,95.162
RUS,HARD,14.0,38.0,95.276
RUS,HARD,15.0,36.39999999999999,96.657
RUS,HARD,16.0,34.8,95.805
RUS,HARD,17.0,33.19999999999999,96.059
RUS,HARD,18.0,31.599999999999994,95.954
RUS,HARD,19.0,30.0,96.181
RUS,HARD,20.0,28.39999999999999,95.852
RUS,HARD,21.0,26.8,96.186
RUS,HARD,22.0,25.19999999999999,95.979
RUS,HARD,23.0,23.599999999999994,96.013
RUS,HARD,24.0,22.0,96.151
RUS,HARD,25.0,20.39999999999999,96.35
RUS,HARD,26.0,18.8,96.44
NOR,SOFT,4.0,108.4,102.168
NOR,SOFT,5.0,106.8,98.01
NOR,SOFT,6.0,105.2,97.787
NOR,SOFT,7.0,103.6,97.45
NOR,SOFT,8.0,102.0,97.794
NOR,SOFT,9.0,100.4,97.896
NOR,SOFT,10.0,98.8,97.86
NOR,SOFT,11.0,97.2,98.134
NOR,SOFT,12.0,95.6,98.064
NOR,SOFT,13.0,94.0,97.936
NOR,SOFT,14.0,92.4,98.172
NOR,SOFT,15.0,90.8,98.082
NOR,SOFT,16.0,89.2,100.635
NOR,HARD,2.0,86.0,96.912
NOR,HARD,3.0,84.4,96.565
NOR,HARD,4.0,82.8,96.776
NOR,HARD,5.0,81.2,96.508
NOR,HARD,6.0,79.6,96.416
NOR,HARD,7.0,78.0,96.501
NOR,HARD,8.0,76.4,96.62
NOR,HARD,9.0,74.8,96.668
NOR,HARD,10.0,73.19999999999999,96.696
NOR,HARD,11.0,71.6,96.823
NOR,HARD,12.0,70.0,96.73
NOR,HARD,13.0,68.4,96.566
NOR,HARD,14.0,66.8,96.726
NOR,HARD,15.0,65.19999999999999,97.018
NOR,HARD,16.0,63.6,97.041
NOR,HARD,17.0,62.0,96.986
NOR,HARD,18.0,60.4,97.083
NOR,HARD,19.0,58.8,97.171
NOR,HARD,20.0,57.2,99.626
NOR,HARD,2.0,54.0,94.476
NOR,HARD,3.0,52.4,95.69
NOR,HARD,4.0,50.8,95.067
NOR,HARD,5.0,49.2,95.149
NOR,HARD,6.0,47.6,94.88
NOR,HARD,7.0,46.0,95.276
NOR,HARD,8.0,44.39999999999999,95.069
NOR,HARD,9.0,42.8,95.165
NOR,HARD,10.0,41.2,95.295
NOR,HARD,11.0,39.6,95.346
NOR,HARD,12.0,38.0,95.338
NOR,HARD,13.0,36.39999999999999,95.371
NOR,HARD,14.0,34.8,95.485
NOR,HARD,15.0,33.19999999999999,95.717
NOR,HARD,16.0,31.599999999999994,95.674
NOR,HARD,17.0,30.0,95.657
NOR,HARD,18.0,28.39999999999999,96.038
NOR,HARD,19.0,26.8,95.922
NOR,HARD,20.0,25.19999999999999,95.782
NOR,HARD,21.0,23.599999999999994,95.934
NOR,HARD,22.0,22.0,96.223
NOR,HARD,23.0,20.39999999999999,95.976
NOR,HARD,24.0,18.8,96.582
HAM,SOFT,4.0,108.4,103.122
HAM,SOFT,5.0,106.8,98.273
HAM,SOFT,6.0,105.2,98.303
HAM,SOFT,7.0,103.6,98.287
HAM,SOFT,8.0,102.0,98.35
HAM,SOFT,9.0,100.4,98.183
HAM,SOFT,10.0,98.8,97.839
HAM,SOFT,11.0,97.2,98.221
HAM,SOFT,12.0,95.6,98.645
HAM,SOFT,13.0,94.0,98.037
HAM,SOFT,14.0,92.4,98.236
HAM,SOFT,15.0,90.8,100.889
HAM,HARD,2.0,87.6,97.178
HAM,HARD,3.0,86.0,97.264
HAM,HARD,4.0,84.4,97.091
HAM,HARD,5.0,82.8,97.111
HAM,HARD,6.0,81.2,96.85
HAM,HARD,7.0,79.6,96.694
HAM,HARD,8.0,78.0,96.264
HAM,HARD,9.0,76.4,96.51
HAM,HARD,10.0,74.8,96.633
HAM,HARD,11.0,73.19999999999999,96.717
HAM,HARD,12.0,71.6,96.666
HAM,HARD,13.0,70.0,96.919
HAM,HARD,14.0,68.4,96.714
HAM,HARD,15.0,66.8,97.201
HAM,HARD,16.0,65.19999999999999,96.692
HAM,HARD,17.0,63.6,96.786
HAM,HARD,18.0,62.0,97.244
HAM,HARD,19.0,60.4,96.975
HAM,HARD,20.0,58.8,97.325
HAM,HARD,21.0,57.2,99.696
HAM,HARD,2.0,54.0,95.489
HAM,HARD,3.0,52.4,95.279
HAM,HARD,4.0,50.8,95.597
HAM,HARD,5.0,49.2,94.966
HAM,HARD,6.0,47.6,94.722
HAM,HARD,7.0,46.0,95.041
HAM,HARD,8.0,44.39999999999999,94.94
HAM,HARD,9.0,42.8,94.996
HAM,HARD,10.0,41.2,94.935
HAM,HARD,11.0,39.6,95.169
HAM,HARD,12.0,38.0,95.184
HAM,HARD,13.0,36.39999999999999,95.285
HAM,HARD,14.0,34.8,95.226
HAM,HARD,15.0,33.19999999999999,96.165
HAM,HARD,16.0,31.599999999999994,95.914
HAM,HARD,17.0,30.0,95.612
HAM,HARD,18.0,28.39999999999999,95.532
HAM,HARD,19.0,26.8,95.479
HAM,HARD,20.0,25.19999999999999,95.55
HAM,HARD,21.0,23.599999999999994,95.974
HAM,HARD,22.0,22.0,95.633
HAM,HARD,23.0,20.39999999999999,95.706
HAM,HARD,24.0,18.8,96.138
PIA,SOFT,4.0,108.4,102.523
PIA,SOFT,5.0,106.8,98.382
PIA,SOFT,6.0,105.2,98.258
PIA,SOFT,7.0,103.6,97.897
PIA,SOFT,8.0,102.0,97.859
PIA,SOFT,9.0,100.4,97.955
PIA,SOFT,10.0,98.8,97.984
PIA,SOFT,11.0,97.2,97.956
PIA,SOFT,12.0,95.6,98.096
PIA,SOFT,13.0,94.0,98.073
PIA,SOFT,14.0,92.4,98.397
PIA,SOFT,15.0,90.8,100.739
PIA,HARD,2.0,87.6,96.796
PIA,HARD,3.0,86.0,96.823
PIA,HARD,4.0,84.4,96.427
PIA,HARD,5.0,82.8,96.872
PIA,HARD,6.0,81.2,97.095
PIA,HARD,7.0,79.6,96.577
PIA,HARD,8.0,78.0,96.644
PIA,HARD,9.0,76.4,96.733
PIA,HARD,10.0,74.8,96.555
PIA,HARD,11.0,73.19999999999999,96.68
PIA,HARD,12.0,71.6,96.884
PIA,HARD,13.0,70.0,97.008
PIA,HARD,14.0,68.4,96.882
PIA,HARD,15.0,66.8,96.905
PIA,HARD,16.0,65.19999999999999,96.905
PIA,HARD,17.0,63.6,97.179
PIA,HARD,18.0,62.0,97.177
PIA,HARD,19.0,60.4,97.57
PIA,HARD,20.0,58.8,97.163
PIA,HARD,21.0,57.2,97.088
PIA,HARD,22.0,55.6,99.211
PIA,HARD,2.0,52.4,95.153
PIA,HARD,3.0,50.8,94.774
PIA,HARD,4.0,49.2,95.298
PIA,HARD,5.0,47.6,94.983
PIA,HARD,6.0,46.0,95.005
PIA,HARD,7.0,44.39999999999999,95.109
PIA,HARD,8.0,42.8,95.341
PIA,HARD,9.0,41.2,95.258
PIA,HARD,10.0,39.6,95.238
PIA,HARD,11.0,38.0,95.306
PIA,HARD,12.0,36.39999999999999,95.296
PIA,HARD,13.0,34.8,95.376
PIA,HARD,14.0,33.19999999999999,95.702
PIA,HARD,15.0,31.599999999999994,95.653
PIA,HARD,16.0,30.0,95.984
PIA,HARD,17.0,28.39999999999999,95.8
PIA,HARD,18.0,26.8,96.024
PIA,HARD,19.0,25.19999999999999,95.739
PIA,HARD,20.0,23.599999999999994,96.107
PIA,HARD,21.0,22.0,95.973
PIA,HARD,22.0,20.39999999999999,96.1
PIA,HARD,23.0,18.8,95.92
ALO,SOFT,4.0,108.4,101.679
ALO,SOFT,5.0,106.8,98.02
ALO,SOFT,6.0,105.2,99.046
ALO,SOFT,7.0,103.6,97.776
ALO,SOFT,8.0,102.0,99.292
ALO,SOFT,9.0,100.4,98.053
ALO,SOFT,10.0,98.8,98.008
ALO,SOFT,11.0,97.2,98.103
ALO,SOFT,12.0,95.6,98.896
ALO,SOFT,13.0,94.0,99.325
ALO,SOFT,14.0,92.4,98.554
ALO,SOFT,15.0,90.8,98.543
ALO,SOFT,16.0,89.2,98.587
ALO,SOFT,17.0,87.6,98.612
ALO,SOFT,18.0,86.0,101.101
ALO,HARD,2.0,82.8,96.97
ALO,HARD,3.0,81.2,97.361
ALO,HARD,4.0,79.6,97.072
ALO,HARD,5.0,78.0,97.357
ALO,HARD,6.0,76.4,97.342
ALO,HARD,7.0,74.8,97.122
ALO,HARD,8.0,73.19999999999999,97.265
ALO,HARD,9.0,71.6,97.046
ALO,HARD,10.0,70.0,97.179
ALO,HARD,11.0,68.4,97.638
ALO,HARD,12.0,66.8,96.945
ALO,HARD,13.0,65.19999999999999,97.256
ALO,HARD,14.0,63.6,97.104
ALO,HARD,15.0,62.0,96.982
ALO,HARD,16.0,60.4,96.957
ALO,HARD,17.0,58.8,97.056
ALO,HARD,18.0,57.2,97.202
ALO,HARD,19.0,55.6,97.601
ALO,HARD,20.0,54.0,97.273
ALO,HARD,21.0,52.4,98.343
ALO,HARD,22.0,50.8,96.799
ALO,HARD,23.0,49.2,97.297
ALO,HARD,24.0,47.6,97.946
ALO,HARD,25.0,46.0,98.061
ALO,HARD,26.0,44.39999999999999,100.261
ALO,HARD,2.0,41.2,95.107
ALO,HARD,3.0,39.6,94.981
ALO,HARD,4.0,38.0,94.872
ALO,HARD,5.0,36.39999999999999,95.126
ALO,HARD,6.0,34.8,95.225
ALO,HARD,7.0,33.19999999999999,94.199
ALO,HARD,8.0,31.599999999999994,94.571
ALO,HARD,9.0,30.0,94.677
ALO,HARD,10.0,28.39999999999999,94.916
ALO,HARD,11.0,26.8,94.862
ALO,HARD,12.0,25.19999999999999,95.249
ALO,HARD,13.0,23.599999999999994,95.745
ALO,HARD,14.0,22.0,95.066
ALO,HARD,15.0,20.39999999999999,95.014
ALO,HARD,16.0,18.8,95.276
STR,SOFT,2.0,106.8,97.987
STR,SOFT,3.0,105.2,98.279
STR,SOFT,4.0,103.6,98.364
STR,SOFT,5.0,102.0,98.725
STR,SOFT,6.0,100.4,98.925
STR,SOFT,7.0,98.8,98.769
STR,SOFT,8.0,97.2,98.857
STR,SOFT,9.0,95.6,102.112
STR,HARD,2.0,92.4,96.494
STR,HARD,3.0,90.8,97.175
STR,HARD,4.0,89.2,97.289
STR,HARD,5.0,87.6,97.624
STR,HARD,6.0,86.0,97.533
STR,HARD,7.0,84.4,98.027
STR,HARD,8.0,82.8,98.777
STR,HARD,9.0,81.2,97.417
STR,HARD,10.0,79.6,97.554
STR,HARD,11.0,78.0,97.859
STR,HARD,12.0,76.4,98.022
STR,HARD,13.0,74.8,98.175
STR,HARD,14.0,73.19999999999999,97.826
STR,HARD,15.0,71.6,98.138
STR,HARD,16.0,70.0,97.994
STR,HARD,17.0,68.4,98.133
STR,HARD,18.0,66.8,100.71
STR,HARD,2.0,63.6,95.854
STR,HARD,3.0,62.0,95.632
STR,HARD,4.0,60.4,96.202
STR,HARD,5.0,58.8,95.821
STR,HARD,6.0,57.2,96.349
STR,HARD,7.0,55.6,96.332
STR,HARD,8.0,54.0,96.242
STR,HARD,9.0,52.4,96.086
STR,HARD,10.0,50.8,95.987
STR,HARD,11.0,49.2,96.364
STR,HARD,12.0,47.6,96.353
STR,HARD,13.0,46.0,96.485
STR,HARD,14.0,44.39999999999999,96.322
STR,HARD,15.0,42.8,96.343
STR,HARD,16.0,41.2,96.304
STR,HARD,17.0,39.6,96.564
STR,HARD,18.0,38.0,96.243
STR,HARD,19.0,36.39999999999999,96.379
STR,HARD,20.0,34.8,96.298
STR,HARD,21.0,33.19999999999999,97.325
STR,HARD,22.0,31.599999999999994,96.871
STR,HARD,23.0,30.0,96.541
STR,HARD,24.0,28.39999999999999,96.763
STR,HARD,25.0,26.8,96.934
STR,HARD,26.0,25.19999999999999,96.64
STR,HARD,27.0,23.599999999999994,96.693
STR,HARD,28.0,22.0,96.68
STR,HARD,29.0,20.39999999999999,96.582
STR,HARD,30.0,18.8,97.335
ZHO,SOFT,1.0,108.4,104.801
ZHO,SOFT,2.0,106.8,98.92
ZHO,SOFT,3.0,105.2,98.582
ZHO,SOFT,4.0,103.6,98.428
ZHO,SOFT,5.0,102.0,98.798
ZHO,SOFT,6.0,100.4,98.488
ZHO,SOFT,7.0,98.8,99.517
ZHO,SOFT,8.0,97.2,99.646
ZHO,SOFT,9.0,95.6,101.849
ZHO,HARD,2.0,92.4,96.365
ZHO,HARD,3.0,90.8,96.995
ZHO,HARD,4.0,89.2,97.436
ZHO,HARD,5.0,87.6,97.482
ZHO,HARD,6.0,86.0,97.5
ZHO,HARD,7.0,84.4,97.659
ZHO,HARD,8.0,82.8,98.475
ZHO,HARD,9.0,81.2,97.552
ZHO,HARD,10.0,79.6,97.652
ZHO,HARD,11.0,78.0,97.749
ZHO,HARD,12.0,76.4,97.947
ZHO,HARD,13.0,74.8,97.852
ZHO,HARD,14.0,73.19999999999999,97.788
ZHO,HARD,15.0,71.6,97.894
ZHO,HARD,16.0,70.0,97.883
ZHO,HARD,17.0,68.4,97.995
ZHO,HARD,18.0,66.8,98.053
ZHO,HARD,19.0,65.19999999999999,100.675
ZHO,HARD,2.0,62.0,95.458
ZHO,HARD,3.0,60.4,96.297
ZHO,HARD,4.0,58.8,96.048
ZHO,HARD,5.0,57.2,97.971
ZHO,HARD,6.0,55.6,96.518
ZHO,HARD,7.0,54.0,96.546
ZHO,HARD,8.0,52.4,96.931
ZHO,HARD,9.0,50.8,96.805
ZHO,HARD,10.0,49.2,96.857
ZHO,HARD,11.0,47.6,96.637
ZHO,HARD,12.0,46.0,96.683
ZHO,HARD,13.0,44.39999999999999,96.695
ZHO,HARD,14.0,42.8,96.652
ZHO,HARD,15.0,41.2,96.771
ZHO,HARD,16.0,39.6,97.417
ZHO,HARD,17.0,38.0,96.68
ZHO,HARD,18.0,36.39999999999999,96.741
ZHO,HARD,19.0,34.8,96.561
ZHO,HARD,20.0,33.19999999999999,96.654
ZHO,HARD,21.0,31.599999999999994,96.72
ZHO,HARD,22.0,30.0,96.792
ZHO,HARD,23.0,28.39999999999999,97.042
ZHO,HARD,24.0,26.8,97.394
ZHO,HARD,25.0,25.19999999999999,97.141
ZHO,HARD,26.0,23.599999999999994,98.389
ZHO,HARD,27.0,22.0,97.383
ZHO,HARD,28.0,20.39999999999999,97.333
MAG,SOFT,1.0,108.4,104.349
MAG,SOFT,2.0,106.8,98.911
MAG,SOFT,3.0,105.2,98.399
MAG,SOFT,4.0,103.6,98.497
MAG,SOFT,5.0,102.0,98.576
MAG,SOFT,6.0,100.4,98.529
MAG,SOFT,7.0,98.8,100.058
MAG,SOFT,8.0,97.2,99.172
MAG,SOFT,9.0,95.6,98.861
MAG,SOFT,10.0,94.0,98.747
MAG,SOFT,11.0,92.4,101.088
MAG,HARD,2.0,89.2,96.89
MAG,HARD,3.0,87.6,97.59
MAG,HARD,4.0,86.0,98.332
MAG,HARD,5.0,84.4,97.749
MAG,HARD,6.0,82.8,98.282
MAG,HARD,7.0,81.2,97.583
MAG,HARD,8.0,79.6,97.792
MAG,HARD,9.0,78.0,98.062
MAG,HARD,10.0,76.4,98.01
MAG,HARD,11.0,74.8,98.147
MAG,HARD,12.0,73.19999999999999,98.293
MAG,HARD,13.0,71.6,98.156
MAG,HARD,14.0,70.0,98.29
MAG,HARD,15.0,68.4,98.093
MAG,HARD,16.0,66.8,98.226
MAG,HARD,17.0,65.19999999999999,97.936
MAG,HARD,18.0,63.6,97.965
MAG,HARD,19.0,62.0,98.04
MAG,HARD,20.0,60.4,98.0
MAG,HARD,21.0,58.8,100.565
MAG,HARD,2.0,55.6,95.57
MAG,HARD,3.0,54.0,95.698
MAG,HARD,4.0,52.4,95.851
MAG,HARD,5.0,50.8,95.741
MAG,HARD,6.0,49.2,96.042
MAG,HARD,7.0,47.6,95.876
MAG,HARD,8.0,46.0,96.071
MAG,HARD,9.0,44.39999999999999,96.34
MAG,HARD,10.0,42.8,96.31
MAG,HARD,11.0,41.2,96.232
MAG,HARD,12.0,39.6,96.249
MAG,HARD,13.0,38.0,96.349
MAG,HARD,14.0,36.39999999999999,96.446
MAG,HARD,15.0,34.8,96.454
MAG,HARD,16.0,33.19999999999999,96.679
MAG,HARD,17.0,31.599999999999994,96.842
MAG,HARD,18.0,30.0,97.035
MAG,HARD,19.0,28.39999999999999,96.929
MAG,HARD,20.0,26.8,96.93
MAG,HARD,21.0,25.19999999999999,97.958
MAG,HARD,22.0,23.599999999999994,96.89
MAG,HARD,23.0,22.0,97.457
MAG,HARD,24.0,20.39999999999999,97.584
RIC,SOFT,4.0,108.4,105.668
RIC,SOFT,5.0,106.8,99.509
RIC,SOFT,6.0,105.2,98.76
RIC,SOFT,7.0,103.6,98.61
RIC,SOFT,8.0,102.0,98.704
RIC,SOFT,9.0,100.4,98.689
RIC,SOFT,10.0,98.8,99.193
RIC,SOFT,11.0,97.2,99.529
RIC,SOFT,12.0,95.6,99.338
RIC,SOFT,13.0,94.0,98.782
RIC,SOFT,14.0,92.4,99.033
RIC,SOFT,15.0,90.8,98.893
RIC,SOFT,16.0,89.2,102.173
RIC,HARD,2.0,86.0,97.07
RIC,HARD,3.0,84.4,97.176
RIC,HARD,4.0,82.8,97.29
RIC,HARD,5.0,81.2,97.7
RIC,HARD,6.0,79.6,98.35
RIC,HARD,7.0,78.0,97.865
RIC,HARD,8.0,76.4,97.392
RIC,HARD,9.0,74.8,97.75
RIC,HARD,10.0,73.19999999999999,97.772
RIC,HARD,11.0,71.6,97.766
RIC,HARD,12.0,70.0,97.973
RIC,HARD,13.0,68.4,98.029
RIC,HARD,14.0,66.8,98.152
RIC,HARD,15.0,65.19999999999999,98.045
RIC,HARD,16.0,63.6,97.96
RIC,HARD,17.0,62.0,97.978
RIC,HARD,18.0,60.4,98.154
RIC,HARD,19.0,58.8,98.025
RIC,HARD,20.0,57.2,98.15
RIC,HARD,21.0,55.6,98.246
RIC,HARD,22.0,54.0,100.595
RIC,SOFT,2.0,50.8,95.163
RIC,SOFT,3.0,49.2,95.46
RIC,SOFT,4.0,47.6,95.475
RIC,SOFT,5.0,46.0,95.578
RIC,SOFT,6.0,44.39999999999999,95.644
RIC,SOFT,7.0,42.8,95.338
RIC,SOFT,8.0,41.2,95.56
RIC,SOFT,9.0,39.6,95.49
RIC,SOFT,10.0,38.0,95.57
RIC,SOFT,11.0,36.39999999999999,95.507
RIC,SOFT,12.0,34.8,95.831
RIC,SOFT,13.0,33.19999999999999,96.236
RIC,SOFT,14.0,31.599999999999994,96.442
RIC,SOFT,15.0,30.0,96.609
RIC,SOFT,16.0,28.39999999999999,97.103
RIC,SOFT,17.0,26.8,97.529
RIC,SOFT,18.0,25.19999999999999,96.745
RIC,SOFT,19.0,23.599999999999994,96.661
RIC,SOFT,20.0,22.0,97.375
RIC,SOFT,21.0,20.39999999999999,97.662
TSU,SOFT,1.0,108.4,103.485
TSU,SOFT,2.0,106.8,98.689
TSU,SOFT,3.0,105.2,98.431
TSU,SOFT,4.0,103.6,98.31
TSU,SOFT,5.0,102.0,98.321
TSU,SOFT,6.0,100.4,98.361
TSU,SOFT,7.0,98.8,98.364
TSU,SOFT,8.0,97.2,98.513
TSU,SOFT,9.0,95.6,98.554
TSU,SOFT,10.0,94.0,98.912
TSU,SOFT,11.0,92.4,98.799
TSU,SOFT,12.0,90.8,98.769
TSU,SOFT,13.0,89.2,98.86
TSU,SOFT,14.0,87.6,101.138
TSU,HARD,2.0,84.4,97.516
TSU,HARD,3.0,82.8,97.482
TSU,HARD,4.0,81.2,97.359
TSU,HARD,5.0,79.6,97.396
TSU,HARD,6.0,78.0,97.766
TSU,HARD,7.0,76.4,97.777
TSU,HARD,8.0,74.8,97.837
TSU,HARD,9.0,73.19999999999999,97.671
TSU,HARD,10.0,71.6,97.634
TSU,HARD,11.0,70.0,97.851
TSU,HARD,12.0,68.4,98.058
TSU,HARD,13.0,66.8,98.083
TSU,HARD,14.0,65.19999999999999,98.164
TSU,HARD,15.0,63.6,97.777
TSU,HARD,16.0,62.0,97.477
TSU,HARD,17.0,60.4,97.468
TSU,HARD,18.0,58.8,97.847
TSU,HARD,19.0,57.2,97.498
TSU,HARD,20.0,55.6,100.835
TSU,HARD,2.0,52.4,97.706
TSU,HARD,3.0,50.8,95.833
TSU,HARD,4.0,49.2,97.046
TSU,HARD,5.0,47.6,96.125
TSU,HARD,6.0,46.0,96.263
TSU,HARD,7.0,44.39999999999999,96.179
TSU,HARD,8.0,42.8,95.981
TSU,HARD,9.0,41.2,95.956
TSU,HARD,10.0,39.6,96.144
TSU,HARD,11.0,38.0,95.964
TSU,HARD,12.0,36.39999999999999,96.187
TSU,HARD,13.0,34.8,96.396
TSU,HARD,14.0,33.19999999999999,96.554
TSU,HARD,15.0,31.599999999999994,96.695
TSU,HARD,16.0,30.0,96.827
TSU,HARD,17.0,28.39999999999999,97.067
TSU,HARD,18.0,26.8,99.042
TSU,HARD,19.0,25.19999999999999,96.838
TSU,HARD,20.0,23.599999999999994,96.672
TSU,HARD,21.0,22.0,97.269
TSU,HARD,22.0,20.39999999999999,97.473
ALB,SOFT,1.0,108.4,103.888
ALB,SOFT,2.0,106.8,98.826
ALB,SOFT,3.0,105.2,98.507
ALB,SOFT,4.0,103.6,98.422
ALB,SOFT,5.0,102.0,98.509
ALB,SOFT,6.0,100.4,98.575
ALB,SOFT,7.0,98.8,98.971
ALB,SOFT,8.0,97.2,98.66
ALB,SOFT,9.0,95.6,98.652
ALB,SOFT,10.0,94.0,98.952
ALB,SOFT,11.0,92.4,98.835
ALB,SOFT,12.0,90.8,98.934
ALB,SOFT,13.0,89.2,98.823
ALB,SOFT,14.0,87.6,98.977
ALB,SOFT,15.0,86.0,101.171
ALB,HARD,2.0,82.8,97.392
ALB,HARD,3.0,81.2,97.59
ALB,HARD,4.0,79.6,97.763
ALB,HARD,5.0,78.0,97.701
ALB,HARD,6.0,76.4,97.918
ALB,HARD,7.0,74.8,98.031
ALB,HARD,8.0,73.19999999999999,97.869
ALB,HARD,9.0,71.6,98.204
ALB,HARD,10.0,70.0,98.226
ALB,HARD,11.0,68.4,98.1
ALB,HARD,12.0,66.8,98.296
ALB,HARD,13.0,65.19999999999999,98.048
ALB,HARD,14.0,63.6,97.879
ALB,HARD,15.0,62.0,97.968
ALB,HARD,16.0,60.4,98.135
ALB,HARD,17.0,58.8,98.183
ALB,HARD,18.0,57.2,98.346
ALB,HARD,19.0,55.6,97.75
ALB,HARD,20.0,54.0,97.767
ALB,HARD,21.0,52.4,100.333
ALB,HARD,2.0,49.2,96.129
ALB,HARD,3.0,47.6,95.856
ALB,HARD,4.0,46.0,95.723
ALB,HARD,5.0,44.39999999999999,95.885
ALB,HARD,6.0,42.8,95.799
ALB,HARD,7.0,41.2,95.766
ALB,HARD,8.0,39.6,95.783
ALB,HARD,9.0,38.0,95.758
ALB,HARD,10.0,36.39999999999999,96.008
ALB,HARD,11.0,34.8,96.026
ALB,HARD,12.0,33.19999999999999,96.135
ALB,HARD,13.0,31.599999999999994,97.102
ALB,HARD,14.0,30.0,97.616
ALB,HARD,15.0,28.39999999999999,97.493
ALB,HARD,16.0,26.8,96.218
ALB,HARD,17.0,25.19999999999999,96.308
ALB,HARD,18.0,23.599999999999994,96.334
ALB,HARD,19.0,22.0,96.593
ALB,HARD,20.0,20.39999999999999,96.922
HUL,HARD,2.0,105.2,97.317
HUL,HARD,3.0,103.6,97.349
HUL,HARD,4.0,102.0,97.663
HUL,HARD,5.0,100.4,97.896
HUL,HARD,6.0,98.8,97.682
HUL,HARD,7.0,97.2,97.82
HUL,HARD,8.0,95.6,97.883
HUL,HARD,9.0,94.0,98.37
HUL,HARD,10.0,92.4,97.638
HUL,HARD,11.0,90.8,97.706
HUL,HARD,12.0,89.2,97.801
HUL,HARD,13.0,87.6,97.879
HUL,HARD,14.0,86.0,98.11
HUL,HARD,15.0,84.4,97.796
HUL,HARD,16.0,82.8,97.891
HUL,HARD,17.0,81.2,98.216
HUL,HARD,18.0,79.6,97.862
HUL,HARD,19.0,78.0,100.798
HUL,HARD,2.0,74.8,96.858
HUL,HARD,3.0,73.19999999999999,96.725
HUL,HARD,4.0,71.6,96.626
HUL,HARD,5.0,70.0,96.652
HUL,HARD,6.0,68.4,96.548
HUL,HARD,7.0,66.8,96.647
HUL,HARD,8.0,65.19999999999999,97.254
HUL,HARD,9.0,63.6,96.837
HUL,HARD,10.0,62.0,96.691
HUL,HARD,11.0,60.4,96.578
HUL,HARD,12.0,58.8,96.935
HUL,HARD,13.0,57.2,96.784
HUL,HARD,14.0,55.6,96.692
HUL,HARD,15.0,54.0,96.959
HUL,HARD,16.0,52.4,96.795
HUL,HARD,17.0,50.8,96.723
HUL,HARD,18.0,49.2,100.083
HUL,HARD,19.0,47.6,97.476
HUL,HARD,20.0,46.0,97.088
HUL,HARD,21.0,44.39999999999999,99.569
HUL,SOFT,3.0,41.2,95.76
HUL,SOFT,4.0,39.6,95.59
HUL,SOFT,5.0,38.0,95.119
HUL,SOFT,6.0,36.39999999999999,94.834
HUL,SOFT,7.0,34.8,95.226
HUL,SOFT,8.0,33.19999999999999,95.146
HUL,SOFT,9.0,31.599999999999994,95.494
HUL,SOFT,10.0,30.0,95.167
HUL,SOFT,11.0,28.39999999999999,95.529
HUL,SOFT,12.0,26.8,95.921
HUL,SOFT,13.0,25.19999999999999,95.994
HUL,SOFT,14.0,23.599999999999994,95.786
HUL,SOFT,15.0,22.0,95.736
HUL,SOFT,16.0,20.39999999999999,95.602
OCO,SOFT,1.0,108.4,106.657
OCO,SOFT,2.0,106.8,99.094
OCO,SOFT,3.0,105.2,98.771
OCO,SOFT,4.0,103.6,98.625
OCO,SOFT,5.0,102.0,98.64
OCO,SOFT,6.0,100.4,98.874
OCO,SOFT,7.0,98.8,99.152
OCO,SOFT,8.0,97.2,99.422
OCO,SOFT,9.0,95.6,99.312
OCO,SOFT,10.0,94.0,101.642
OCO,HARD,2.0,90.8,97.599
OCO,HARD,3.0,89.2,97.363
OCO,HARD,4.0,87.6,97.537
OCO,HARD,5.0,86.0,97.843
OCO,HARD,6.0,84.4,97.902
OCO,HARD,7.0,82.8,98.911
OCO,HARD,8.0,81.2,98.12
OCO,HARD,9.0,79.6,98.332
OCO,HARD,10.0,78.0,98.185
OCO,HARD,11.0,76.4,99.363
OCO,HARD,12.0,74.8,98.655
OCO,HARD,13.0,73.19999999999999,98.407
OCO,HARD,14.0,71.6,98.42
OCO,HARD,15.0,70.0,98.494
OCO,HARD,16.0,68.4,98.665
OCO,HARD,17.0,66.8,98.549
OCO,HARD,18.0,65.19999999999999,98.372
OCO,HARD,19.0,63.6,98.556
OCO,HARD,20.0,62.0,101.21
OCO,HARD,2.0,58.8,96.887
OCO,HARD,3.0,57.2,96.704
OCO,HARD,4.0,55.6,96.226
OCO,HARD,5.0,54.0,96.354
OCO,HARD,6.0,52.4,97.229
OCO,HARD,7.0,50.8,96.58
OCO,HARD,8.0,49.2,96.814
OCO,HARD,9.0,47.6,96.552
OCO,HARD,10.0,46.0,96.608
OCO,HARD,11.0,44.39999999999999,96.621
OCO,HARD,12.0,42.8,96.592
OCO,HARD,13.0,41.2,96.679
OCO,HARD,14.0,39.6,96.649
OCO,HARD,15.0,38.0,98.049
OCO,HARD,16.0,36.39999999999999,96.975
OCO,HARD,17.0,34.8,96.656
OCO,HARD,18.0,33.19999999999999,97.117
OCO,HARD,19.0,31.599999999999994,97.726
OCO,HARD,20.0,30.0,97.784
OCO,HARD,21.0,28.39999999999999,97.091
OCO,HARD,22.0,26.8,98.631
OCO,HARD,23.0,25.19999999999999,97.145
OCO,HARD,24.0,23.599999999999994,98.707
OCO,HARD,25.0,22.0,97.393
OCO,HARD,26.0,20.39999999999999,97.415
GAS,SOFT,2.0,106.8,99.059
GAS,SOFT,3.0,105.2,98.744
GAS,SOFT,4.0,103.6,98.503
GAS,SOFT,5.0,102.0,98.664
GAS,SOFT,6.0,100.4,99.099
GAS,SOFT,7.0,98.8,99.078
GAS,SOFT,8.0,97.2,99.287
GAS,SOFT,9.0,95.6,99.452
GAS,SOFT,10.0,94.0,98.929
GAS,SOFT,11.0,92.4,98.656
GAS,SOFT,12.0,90.8,101.456
GAS,HARD,2.0,87.6,97.689
GAS,HARD,3.0,86.0,97.492
GAS,HARD,4.0,84.4,97.521
GAS,HARD,5.0,82.8,97.949
GAS,HARD,6.0,81.2,97.791
GAS,HARD,7.0,79.6,97.702
GAS,HARD,8.0,78.0,98.036
GAS,HARD,9.0,76.4,98.094
GAS,HARD,10.0,74.8,97.868
GAS,HARD,11.0,73.19999999999999,98.104
GAS,HARD,12.0,71.6,98.192
GAS,HARD,13.0,70.0,98.16
GAS,HARD,14.0,68.4,98.379
GAS,HARD,15.0,66.8,98.4
GAS,HARD,16.0,65.19999999999999,98.615
GAS,HARD,17.0,63.6,98.55
GAS,HARD,18.0,62.0,98.832
GAS,HARD,19.0,60.4,100.432
GAS,HARD,2.0,57.2,96.112
GAS,HARD,3.0,55.6,96.622
GAS,HARD,4.0,54.0,96.313
GAS,HARD,5.0,52.4,96.45
GAS,HARD,6.0,50.8,96.629
GAS,HARD,7.0,49.2,96.802
GAS,HARD,8.0,47.6,96.537
GAS,HARD,9.0,46.0,96.742
GAS,HARD,10.0,44.39999999999999,96.571
GAS,HARD,11.0,42.8,96.631
GAS,HARD,12.0,41.2,99.291
GAS,SOFT,2.0,38.0,94.805
GAS,SOFT,3.0,36.39999999999999,95.293
GAS,SOFT,4.0,34.8,95.341
GAS,SOFT,5.0,33.19999999999999,95.411
GAS,SOFT,6.0,31.599999999999994,95.511
GAS,SOFT,7.0,30.0,95.228
GAS,SOFT,8.0,28.39999999999999,95.334
GAS,SOFT,9.0,26.8,95.511
GAS,SOFT,10.0,25.19999999999999,95.389
GAS,SOFT,11.0,23.599999999999994,95.853
GAS,SOFT,12.0,22.0,95.908
GAS,SOFT,13.0,20.39999999999999,96.086
BOT,SOFT,2.0,106.8,98.259
BOT,SOFT,3.0,105.2,98.837
BOT,SOFT,4.0,103.6,98.643
BOT,SOFT,5.0,102.0,100.087
BOT,SOFT,6.0,100.4,99.206
BOT,SOFT,7.0,98.8,98.654
BOT,SOFT,8.0,97.2,98.968
BOT,SOFT,9.0,95.6,99.425
BOT,SOFT,10.0,94.0,99.112
BOT,SOFT,11.0,92.4,99.187
BOT,SOFT,12.0,90.8,103.145
BOT,HARD,2.0,87.6,96.454
BOT,HARD,3.0,86.0,97.287
BOT,HARD,4.0,84.4,97.718
BOT,HARD,5.0,82.8,97.765
BOT,HARD,6.0,81.2,97.918
BOT,HARD,7.0,79.6,97.662
BOT,HARD,8.0,78.0,98.285
BOT,HARD,9.0,76.4,97.73
BOT,HARD,10.0,74.8,97.998
BOT,HARD,11.0,73.19999999999999,98.18
BOT,HARD,12.0,71.6,98.146
BOT,HARD,13.0,70.0,98.262
BOT,HARD,14.0,68.4,98.308
BOT,HARD,15.0,66.8,98.426
BOT,HARD,16.0,65.19999999999999,98.595
BOT,HARD,17.0,63.6,98.654
BOT,HARD,18.0,62.0,101.252
BOT,HARD,2.0,58.8,96.763
BOT,HARD,3.0,57.2,96.202
BOT,HARD,4.0,55.6,98.009
BOT,HARD,5.0,54.0,96.578
BOT,HARD,6.0,52.4,96.792
BOT,HARD,7.0,50.8,98.008
BOT,HARD,8.0,49.2,97.774
BOT,HARD,9.0,47.6,97.189
BOT,HARD,10.0,46.0,97.393
BOT,HARD,11.0,44.39999999999999,96.437
BOT,HARD,12.0,42.8,96.374
BOT,HARD,13.0,41.2,96.569
BOT,HARD,14.0,39.6,96.63
BOT,HARD,15.0,38.0,96.663
BOT,HARD,16.0,36.39999999999999,96.297
BOT,HARD,17.0,34.8,96.604
BOT,HARD,18.0,33.19999999999999,96.765
BOT,HARD,19.0,31.599999999999994,96.91
BOT,HARD,20.0,30.0,96.91
BOT,HARD,21.0,28.39999999999999,96.819
BOT,HARD,22.0,26.8,96.949
BOT,HARD,23.0,25.19999999999999,99.035
BOT,HARD,24.0,23.599999999999994,97.095
BOT,HARD,25.0,22.0,97.205
BOT,HARD,26.0,20.39999999999999,97.956
SAR,SOFT,1.0,108.4,105.921
SAR,SOFT,2.0,106.8,98.481
SAR,SOFT,3.0,105.2,98.707
SAR,SOFT,4.0,103.6,98.39
SAR,SOFT,5.0,102.0,98.757
SAR,SOFT,6.0,100.4,98.582
SAR,SOFT,7.0,98.8,99.464
SAR,SOFT,8.0,97.2,99.58
SAR,SOFT,9.0,95.6,99.366
SAR,HARD,2.0,90.8,98.493
SAR,HARD,3.0,89.2,100.989
SAR,HARD,4.0,87.6,101.47
SAR,HARD,5.0,86.0,97.594
SAR,HARD,6.0,84.4,101.37
SAR,HARD,7.0,82.8,99.758
SAR,HARD,8.0,81.2,98.077
SAR,HARD,9.0,79.6,97.742
SAR,HARD,10.0,78.0,97.82
SAR,HARD,11.0,76.4,98.009
SAR,HARD,12.0,74.8,97.728
SAR,HARD,13.0,73.19999999999999,97.621
SAR,HARD,14.0,71.6,99.437
SAR,HARD,15.0,70.0,99.093
SAR,HARD,16.0,68.4,97.859
SAR,HARD,17.0,66.8,98.288
SAR,HARD,18.0,65.19999999999999,100.535
SAR,HARD,2.0,62.0,95.715
SAR,HARD,3.0,60.4,96.713
SAR,HARD,4.0,58.8,96.563
SAR,HARD,5.0,57.2,97.433
SAR,HARD,6.0,55.6,96.475
SAR,HARD,7.0,54.0,96.859
SAR,HARD,8.0,52.4,96.462
SAR,HARD,9.0,50.8,96.785
SAR,HARD,10.0,49.2,96.732
SAR,HARD,11.0,47.6,97.016
SAR,HARD,12.0,46.0,99.817
SAR,SOFT,2.0,42.8,94.735
SAR,SOFT,3.0,41.2,95.001
SAR,SOFT,4.0,39.6,95.13
SAR,SOFT,5.0,38.0,95.333
SAR,SOFT,6.0,36.39999999999999,95.939
SAR,SOFT,7.0,34.8,96.729
SAR,SOFT,8.0,33.19999999999999,95.688
SAR,SOFT,9.0,31.599999999999994,95.59
SAR,SOFT,10.0,30.0,95.66
SAR,SOFT,11.0,28.39999999999999,95.972
SAR,SOFT,12.0,26.8,95.987
SAR,SOFT,13.0,25.19999999999999,96.088
SAR,SOFT,14.0,23.599999999999994,99.614
SAR,SOFT,15.0,22.0,96.209
