Driver,Compound,TyreLife,FuelLoad,LapDelta,Tire_Fuel_Interaction
SAR,HARD,5.0,86.0,4.567999999999998,0.05747126436781609
SAR,HARD,9.0,79.6,4.716000000000008,0.11166253101736974
SAR,HARD,10.0,78.0,4.793999999999997,0.12658227848101267
SAR,HARD,11.0,76.4,4.983000000000004,0.1421188630490956
SAR,HARD,12.0,74.8,4.701999999999998,0.158311345646438
SAR,HARD,13.0,73.19999999999999,4.594999999999999,0.17520215633423183
SAR,HARD,16.0,68.4,4.832999999999998,0.23054755043227665
SAR,HARD,2.0,62.0,2.689000000000007,0.031746031746031744
SAR,HARD,3.0,60.4,3.6869999999999976,0.048859934853420196
SAR,HARD,4.0,58.8,3.537000000000006,0.06688963210702341
SAR,HARD,5.0,57.2,4.407000000000011,0.0859106529209622
SAR,HARD,6.0,55.6,3.448999999999998,0.10600706713780919
SAR,HARD,7.0,54.0,3.8329999999999984,0.12727272727272726
SAR,HARD,8.0,52.4,3.436000000000007,0.149812734082397
SAR,HARD,9.0,50.8,3.7590000000000003,0.17374517374517376
SAR,HARD,10.0,49.2,3.706000000000003,0.199203187250996
SAR,HARD,11.0,47.6,3.990000000000009,0.22633744855967078
SAR,SOFT,2.0,42.8,1.7090000000000032,0.04566210045662101
SAR,SOFT,3.0,41.2,1.9750000000000085,0.07109004739336493
SAR,SOFT,4.0,39.6,2.103999999999999,0.09852216748768472
SAR,SOFT,5.0,38.0,2.307000000000002,0.1282051282051282
SAR,SOFT,6.0,36.39999999999999,2.9129999999999967,0.16042780748663105
SAR,SOFT,7.0,34.8,3.703000000000003,0.19553072625698326
SAR,SOFT,8.0,33.19999999999999,2.662000000000006,0.23391812865497083
SAR,SOFT,9.0,31.599999999999994,2.564000000000007,0.2760736196319019
SAR,SOFT,10.0,30.0,2.6340000000000003,0.3225806451612903
SAR,SOFT,11.0,28.39999999999999,2.945999999999998,0.37414965986394566
SAR,SOFT,12.0,26.8,2.9609999999999985,0.4316546762589928
SAR,SOFT,13.0,25.19999999999999,3.0619999999999976,0.49618320610687044
SAR,SOFT,15.0,22.0,3.183000000000007,0.6521739130434783
SAR,MEDIUM,3.0,105.2,3.844999999999999,0.02824858757062147
SAR,MEDIUM,4.0,103.6,3.5180000000000007,0.03824091778202677
SAR,MEDIUM,5.0,102.0,3.1779999999999973,0.04854368932038835
SAR,MEDIUM,6.0,100.4,3.1770000000000067,0.05917159763313609
SAR,HARD,4.0,92.4,3.4420000000000073,0.042826552462526764
SAR,HARD,5.0,90.8,2.6159999999999997,0.054466230936819175
SAR,HARD,6.0,89.2,2.7250000000000085,0.06651884700665188
SAR,HARD,7.0,87.6,2.1809999999999974,0.07900677200902935
SAR,HARD,8.0,86.0,2.575000000000003,0.09195402298850575
SAR,HARD,9.0,84.4,3.0360000000000014,0.10538641686182669
SAR,HARD,10.0,82.8,3.3100000000000023,0.11933174224343676
SAR,HARD,11.0,81.2,3.0130000000000052,0.13381995133819952
SAR,HARD,12.0,79.6,2.335000000000008,0.14888337468982632
SAR,HARD,13.0,78.0,2.2250000000000085,0.16455696202531644
SAR,HARD,14.0,76.4,2.0559999999999974,0.1808785529715762
SAR,HARD,15.0,74.8,2.575000000000003,0.1978891820580475
SAR,HARD,16.0,73.19999999999999,1.990000000000009,0.21563342318059303
SAR,HARD,17.0,71.6,2.1069999999999993,0.23415977961432508
SAR,HARD,18.0,70.0,3.5130000000000052,0.2535211267605634
SAR,HARD,19.0,68.4,3.4710000000000036,0.2737752161383285
SAR,HARD,20.0,66.8,3.171999999999997,0.2949852507374631
SAR,HARD,21.0,65.19999999999999,2.8599999999999994,0.3172205438066466
SAR,HARD,22.0,63.6,3.021000000000001,0.3405572755417957
SAR,HARD,23.0,62.0,2.7240000000000038,0.36507936507936506
SAR,HARD,24.0,60.4,2.8530000000000086,0.39087947882736157
SAR,HARD,25.0,58.8,2.8710000000000093,0.4180602006688963
SAR,HARD,26.0,57.2,2.6740000000000066,0.4467353951890034
SAR,HARD,27.0,55.6,1.8170000000000073,0.47703180212014135
SAR,HARD,28.0,54.0,1.6899999999999977,0.509090909090909
SAR,HARD,29.0,52.4,1.5499999999999972,0.5430711610486891
SAR,HARD,30.0,50.8,1.2019999999999982,0.5791505791505792
SAR,HARD,31.0,49.2,0.737000000000009,0.6175298804780877
SAR,HARD,32.0,47.6,0.9440000000000026,0.6584362139917695
SAR,HARD,33.0,46.0,0.5210000000000008,0.7021276595744681
SAR,HARD,34.0,44.39999999999999,0.8119999999999976,0.7488986784140971
SAR,HARD,35.0,42.8,0.6219999999999999,0.7990867579908676
SAR,HARD,36.0,41.2,0.7400000000000091,0.8530805687203791
SAR,HARD,37.0,39.6,2.189000000000007,0.9113300492610837
SAR,HARD,38.0,38.0,1.051000000000002,0.9743589743589743
SAR,HARD,39.0,36.39999999999999,1.115000000000009,1.0427807486631018
SAR,HARD,40.0,34.8,0.6920000000000073,1.11731843575419
SAR,HARD,41.0,33.19999999999999,0.3569999999999993,1.1988304093567255
SAR,HARD,42.0,31.599999999999994,0.0,1.288343558282209
BEA,SOFT,3.0,105.2,3.3289999999999935,0.02824858757062147
BEA,SOFT,4.0,103.6,3.458999999999989,0.03824091778202677
BEA,SOFT,5.0,102.0,3.4069999999999965,0.04854368932038835
BEA,SOFT,6.0,100.4,3.935999999999993,0.05917159763313609
BEA,HARD,4.0,92.4,3.458999999999989,0.042826552462526764
BEA,HARD,5.0,90.8,2.7209999999999894,0.054466230936819175
BEA,HARD,6.0,89.2,2.9669999999999987,0.06651884700665188
BEA,HARD,7.0,87.6,3.292999999999992,0.07900677200902935
BEA,HARD,8.0,86.0,2.931999999999988,0.09195402298850575
BEA,HARD,9.0,84.4,2.5289999999999964,0.10538641686182669
BEA,HARD,10.0,82.8,2.4949999999999903,0.11933174224343676
BEA,HARD,11.0,81.2,3.083999999999989,0.13381995133819952
BEA,HARD,12.0,79.6,3.4299999999999926,0.14888337468982632
BEA,HARD,13.0,78.0,2.641999999999996,0.16455696202531644
BEA,HARD,14.0,76.4,2.181999999999988,0.1808785529715762
BEA,HARD,15.0,74.8,2.3729999999999905,0.1978891820580475
BEA,HARD,16.0,73.19999999999999,1.941999999999993,0.21563342318059303
BEA,HARD,17.0,71.6,1.779999999999987,0.23415977961432508
BEA,HARD,18.0,70.0,1.7379999999999995,0.2535211267605634
BEA,HARD,19.0,68.4,1.6019999999999897,0.2737752161383285
BEA,HARD,20.0,66.8,1.6219999999999999,0.2949852507374631
BEA,HARD,21.0,65.19999999999999,1.4529999999999887,0.3172205438066466
BEA,HARD,22.0,63.6,1.1929999999999978,0.3405572755417957
BEA,HARD,23.0,62.0,1.5849999999999937,0.36507936507936506
BEA,HARD,24.0,60.4,1.259999999999991,0.39087947882736157
BEA,HARD,25.0,58.8,0.8999999999999915,0.4180602006688963
BEA,HARD,26.0,57.2,1.3649999999999949,0.4467353951890034
BEA,HARD,27.0,55.6,1.0699999999999932,0.47703180212014135
BEA,HARD,28.0,54.0,1.0799999999999983,0.509090909090909
BEA,HARD,29.0,52.4,0.8669999999999902,0.5430711610486891
BEA,HARD,30.0,50.8,0.8659999999999997,0.5791505791505792
BEA,HARD,31.0,49.2,0.5219999999999914,0.6175298804780877
BEA,HARD,32.0,47.6,0.5699999999999932,0.6584362139917695
BEA,HARD,33.0,46.0,0.42099999999999227,0.7021276595744681
BEA,HARD,34.0,44.39999999999999,0.5049999999999955,0.7488986784140971
BEA,HARD,35.0,42.8,0.46999999999999886,0.7990867579908676
BEA,HARD,36.0,41.2,0.48599999999999,0.8530805687203791
BEA,HARD,37.0,39.6,0.13599999999999568,0.9113300492610837
BEA,HARD,38.0,38.0,0.4269999999999925,0.9743589743589743
BEA,HARD,39.0,36.39999999999999,0.5629999999999882,1.0427807486631018
BEA,HARD,40.0,34.8,0.39699999999999136,1.11731843575419
BEA,HARD,41.0,33.19999999999999,0.0759999999999934,1.1988304093567255
BEA,HARD,42.0,31.599999999999994,0.2979999999999876,1.288343558282209
BEA,HARD,43.0,30.0,0.0,1.3870967741935485
VER,MEDIUM,1.0,108.4,4.3430000000000035,0.009140767824497258
VER,MEDIUM,2.0,106.8,0.9840000000000089,0.01855287569573284
VER,MEDIUM,3.0,105.2,0.0,0.02824858757062147
GAS,MEDIUM,2.0,106.8,3.5589999999999975,0.01855287569573284
GAS,MEDIUM,3.0,105.2,2.7609999999999957,0.02824858757062147
GAS,MEDIUM,4.0,103.6,2.6099999999999994,0.03824091778202677
GAS,MEDIUM,5.0,102.0,3.435999999999993,0.04854368932038835
GAS,MEDIUM,6.0,100.4,2.8220000000000027,0.05917159763313609
GAS,MEDIUM,7.0,98.8,2.3549999999999898,0.07014028056112225
GAS,MEDIUM,8.0,97.2,2.7890000000000015,0.0814663951120163
GAS,MEDIUM,9.0,95.6,2.73899999999999,0.09316770186335405
GAS,MEDIUM,10.0,94.0,2.765999999999991,0.10526315789473684
GAS,MEDIUM,11.0,92.4,4.307000000000002,0.1177730192719486
GAS,MEDIUM,12.0,90.8,3.5349999999999966,0.13071895424836602
GAS,MEDIUM,13.0,89.2,2.959000000000003,0.1441241685144124
GAS,MEDIUM,14.0,87.6,3.013999999999996,0.1580135440180587
GAS,MEDIUM,15.0,86.0,3.009999999999991,0.1724137931034483
GAS,MEDIUM,16.0,84.4,4.277000000000001,0.18735362997658078
GAS,HARD,2.0,79.6,2.8319999999999936,0.02481389578163772
GAS,HARD,3.0,78.0,2.5720000000000027,0.0379746835443038
GAS,HARD,4.0,76.4,2.1509999999999962,0.05167958656330749
GAS,HARD,5.0,74.8,1.9549999999999983,0.06596306068601583
GAS,HARD,6.0,73.19999999999999,1.8389999999999986,0.08086253369272238
GAS,HARD,7.0,71.6,1.9110000000000014,0.09641873278236915
GAS,HARD,8.0,70.0,1.8430000000000035,0.11267605633802817
GAS,HARD,9.0,68.4,1.9249999999999972,0.12968299711815562
GAS,HARD,10.0,66.8,1.813999999999993,0.14749262536873156
GAS,HARD,11.0,65.19999999999999,1.5840000000000032,0.16616314199395774
GAS,HARD,12.0,63.6,1.617999999999995,0.18575851393188855
GAS,HARD,13.0,62.0,1.8999999999999915,0.20634920634920634
GAS,HARD,14.0,60.4,1.6370000000000005,0.22801302931596093
GAS,HARD,15.0,58.8,2.155000000000001,0.2508361204013378
GAS,HARD,16.0,57.2,2.125,0.274914089347079
GAS,HARD,17.0,55.6,1.945999999999998,0.30035335689045933
GAS,HARD,18.0,54.0,2.134999999999991,0.32727272727272727
GAS,HARD,19.0,52.4,1.75,0.3558052434456929
GAS,HARD,20.0,50.8,2.23599999999999,0.3861003861003861
GAS,HARD,21.0,49.2,4.018999999999991,0.4183266932270916
GAS,HARD,22.0,47.6,1.926000000000002,0.45267489711934156
GAS,HARD,23.0,46.0,3.9299999999999926,0.48936170212765956
GAS,HARD,2.0,41.2,3.3289999999999935,0.04739336492890995
GAS,HARD,3.0,39.6,0.3569999999999993,0.07389162561576354
GAS,HARD,4.0,38.0,0.9889999999999901,0.10256410256410256
GAS,HARD,5.0,36.39999999999999,0.12999999999999545,0.13368983957219255
GAS,HARD,6.0,34.8,0.18500000000000227,0.1675977653631285
GAS,HARD,7.0,33.19999999999999,0.12099999999999511,0.2046783625730995
GAS,HARD,8.0,31.599999999999994,0.25,0.24539877300613502
GAS,HARD,9.0,30.0,0.1319999999999908,0.2903225806451613
GAS,HARD,10.0,28.39999999999999,0.0,0.3401360544217688
GAS,HARD,11.0,26.8,0.07099999999999795,0.39568345323741005
GAS,HARD,12.0,25.19999999999999,0.23399999999999466,0.4580152671755727
GAS,HARD,13.0,23.599999999999994,1.9440000000000026,0.5284552845528456
GAS,HARD,14.0,22.0,0.3370000000000033,0.6086956521739131
PER,MEDIUM,2.0,106.8,2.992999999999995,0.01855287569573284
PER,MEDIUM,3.0,105.2,2.777000000000001,0.02824858757062147
PER,MEDIUM,4.0,103.6,3.009999999999991,0.03824091778202677
PER,MEDIUM,5.0,102.0,2.975999999999999,0.04854368932038835
PER,MEDIUM,6.0,100.4,2.6359999999999957,0.05917159763313609
PER,MEDIUM,7.0,98.8,2.415999999999997,0.07014028056112225
PER,MEDIUM,8.0,97.2,2.6599999999999966,0.0814663951120163
PER,MEDIUM,9.0,95.6,2.5819999999999936,0.09316770186335405
PER,MEDIUM,10.0,94.0,2.2920000000000016,0.10526315789473684
PER,MEDIUM,11.0,92.4,2.5330000000000013,0.1177730192719486
PER,MEDIUM,12.0,90.8,3.3159999999999883,0.13071895424836602
PER,MEDIUM,13.0,89.2,3.2759999999999962,0.1441241685144124
PER,HARD,2.0,84.4,3.7339999999999947,0.023419203747072598
PER,HARD,4.0,81.2,3.8810000000000002,0.048661800486618
PER,HARD,5.0,79.6,1.4519999999999982,0.062034739454094295
PER,HARD,6.0,78.0,1.3229999999999933,0.0759493670886076
PER,HARD,7.0,76.4,1.6629999999999967,0.0904392764857881
PER,HARD,8.0,74.8,1.4809999999999945,0.10554089709762533
PER,HARD,9.0,73.19999999999999,1.4609999999999985,0.12129380053908358
PER,HARD,10.0,71.6,1.1389999999999958,0.13774104683195593
PER,HARD,11.0,70.0,1.1069999999999993,0.15492957746478872
PER,HARD,12.0,68.4,1.8579999999999899,0.17291066282420747
PER,HARD,13.0,66.8,1.168999999999997,0.19174041297935104
PER,HARD,14.0,65.19999999999999,1.7639999999999958,0.2114803625377644
PER,HARD,15.0,63.6,1.7379999999999995,0.2321981424148607
PER,HARD,16.0,62.0,1.7920000000000016,0.25396825396825395
PER,HARD,17.0,60.4,1.9709999999999894,0.2768729641693811
PER,HARD,18.0,58.8,2.0529999999999973,0.3010033444816054
PER,HARD,19.0,57.2,2.1779999999999973,0.32646048109965636
PER,HARD,20.0,55.6,2.573999999999998,0.35335689045936397
PER,HARD,2.0,50.8,0.8299999999999983,0.03861003861003861
PER,HARD,3.0,49.2,0.8569999999999993,0.0597609561752988
PER,HARD,4.0,47.6,1.059999999999988,0.0823045267489712
PER,HARD,5.0,46.0,0.6569999999999965,0.10638297872340426
PER,HARD,6.0,44.39999999999999,0.6099999999999994,0.13215859030837007
PER,HARD,7.0,42.8,0.9619999999999891,0.15981735159817353
PER,HARD,8.0,41.2,0.4099999999999966,0.1895734597156398
PER,HARD,9.0,39.6,0.31799999999999784,0.22167487684729062
PER,HARD,10.0,38.0,0.3810000000000002,0.2564102564102564
PER,HARD,11.0,36.39999999999999,0.03999999999999204,0.2941176470588236
PER,HARD,12.0,34.8,0.0,0.335195530726257
PER,HARD,13.0,33.19999999999999,0.4479999999999933,0.38011695906432763
PER,HARD,14.0,31.599999999999994,0.3719999999999999,0.42944785276073627
PER,HARD,15.0,30.0,0.4829999999999899,0.4838709677419355
PER,HARD,16.0,28.39999999999999,0.6499999999999915,0.5442176870748301
PER,HARD,17.0,26.8,0.7620000000000005,0.6115107913669064
PER,HARD,18.0,25.19999999999999,1.1559999999999917,0.687022900763359
PER,HARD,19.0,23.599999999999994,1.2419999999999902,0.772357723577236
PER,HARD,20.0,22.0,1.2279999999999944,0.8695652173913043
PER,HARD,21.0,20.39999999999999,1.4609999999999985,0.9813084112149537
ALO,HARD,3.0,106.8,3.791000000000011,0.027829313543599257
ALO,HARD,4.0,105.2,2.4849999999999994,0.03766478342749529
ALO,HARD,5.0,103.6,3.2490000000000094,0.047801147227533466
ALO,HARD,6.0,102.0,2.801000000000002,0.05825242718446602
ALO,HARD,7.0,100.4,2.703000000000003,0.0690335305719921
ALO,HARD,8.0,98.8,2.3020000000000067,0.08016032064128256
ALO,HARD,9.0,97.2,2.2760000000000105,0.09164969450101833
ALO,HARD,10.0,95.6,2.852000000000004,0.10351966873706005
ALO,HARD,11.0,94.0,2.115000000000009,0.11578947368421053
ALO,HARD,12.0,92.4,2.445999999999998,0.1284796573875803
ALO,HARD,13.0,90.8,2.4110000000000014,0.14161220043572986
ALO,HARD,14.0,89.2,2.6940000000000026,0.15521064301552107
ALO,HARD,15.0,87.6,2.9620000000000033,0.16930022573363432
ALO,HARD,16.0,86.0,2.6450000000000102,0.1839080459770115
ALO,HARD,17.0,84.4,2.7460000000000093,0.1990632318501171
ALO,MEDIUM,3.0,79.6,2.4350000000000023,0.03722084367245658
ALO,MEDIUM,4.0,78.0,2.338000000000008,0.05063291139240506
ALO,MEDIUM,5.0,76.4,2.2109999999999985,0.06459948320413436
ALO,MEDIUM,6.0,74.8,1.9849999999999994,0.079155672823219
ALO,MEDIUM,7.0,73.19999999999999,1.9480000000000075,0.09433962264150945
ALO,MEDIUM,8.0,71.6,1.7940000000000111,0.11019283746556474
ALO,MEDIUM,9.0,70.0,2.2150000000000034,0.1267605633802817
ALO,MEDIUM,10.0,68.4,2.4950000000000045,0.1440922190201729
ALO,MEDIUM,11.0,66.8,2.76400000000001,0.16224188790560473
ALO,MEDIUM,12.0,65.19999999999999,1.7660000000000053,0.18126888217522663
ALO,MEDIUM,13.0,63.6,1.487000000000009,0.20123839009287928
ALO,MEDIUM,14.0,62.0,1.6820000000000022,0.2222222222222222
ALO,MEDIUM,15.0,60.4,1.862000000000009,0.24429967426710097
ALO,MEDIUM,16.0,58.8,1.9980000000000047,0.26755852842809363
ALO,MEDIUM,17.0,57.2,2.156000000000006,0.29209621993127144
ALO,MEDIUM,18.0,55.6,2.4250000000000114,0.31802120141342755
ALO,MEDIUM,20.0,52.4,2.2210000000000036,0.37453183520599254
ALO,MEDIUM,21.0,50.8,2.3689999999999998,0.40540540540540543
ALO,MEDIUM,22.0,49.2,2.0730000000000075,0.43824701195219123
ALO,MEDIUM,23.0,47.6,2.2790000000000106,0.4732510288065844
ALO,MEDIUM,24.0,46.0,2.2210000000000036,0.5106382978723404
ALO,HARD,3.0,41.2,1.2310000000000088,0.07109004739336493
ALO,HARD,4.0,39.6,0.9010000000000105,0.09852216748768472
ALO,HARD,5.0,38.0,0.9609999999999985,0.1282051282051282
ALO,HARD,6.0,36.39999999999999,0.8509999999999991,0.16042780748663105
ALO,HARD,7.0,34.8,0.6900000000000119,0.19553072625698326
ALO,HARD,8.0,33.19999999999999,0.8539999999999992,0.23391812865497083
ALO,HARD,9.0,31.599999999999994,0.6290000000000049,0.2760736196319019
ALO,HARD,10.0,30.0,0.2430000000000092,0.3225806451612903
ALO,HARD,11.0,28.39999999999999,0.4450000000000074,0.37414965986394566
ALO,HARD,12.0,26.8,0.0,0.4316546762589928
ALO,HARD,13.0,25.19999999999999,0.37400000000000944,0.49618320610687044
ALO,HARD,14.0,23.599999999999994,0.5420000000000016,0.5691056910569107
ALO,HARD,15.0,22.0,0.4590000000000032,0.6521739130434783
ALO,HARD,16.0,20.39999999999999,0.25900000000000034,0.7476635514018695
LEC,MEDIUM,2.0,106.8,3.2009999999999934,0.01855287569573284
LEC,MEDIUM,3.0,105.2,2.962999999999994,0.02824858757062147
LEC,MEDIUM,4.0,103.6,2.706000000000003,0.03824091778202677
LEC,MEDIUM,5.0,102.0,2.8190000000000026,0.04854368932038835
LEC,MEDIUM,6.0,100.4,2.8599999999999994,0.05917159763313609
LEC,MEDIUM,7.0,98.8,2.870999999999995,0.07014028056112225
LEC,MEDIUM,8.0,97.2,3.1700000000000017,0.0814663951120163
LEC,HARD,2.0,92.4,2.834000000000003,0.021413276231263382
LEC,HARD,3.0,90.8,2.0279999999999916,0.032679738562091505
LEC,HARD,4.0,89.2,2.408999999999992,0.044345898004434586
LEC,HARD,5.0,87.6,2.138999999999996,0.05643340857787811
LEC,HARD,6.0,86.0,1.921999999999997,0.06896551724137931
LEC,HARD,7.0,84.4,2.4339999999999975,0.08196721311475409
LEC,HARD,10.0,79.6,2.067999999999998,0.12406947890818859
LEC,HARD,11.0,78.0,2.0720000000000027,0.13924050632911392
LEC,HARD,12.0,76.4,2.2450000000000045,0.15503875968992248
LEC,HARD,13.0,74.8,1.9089999999999918,0.17150395778364116
LEC,HARD,14.0,73.19999999999999,2.1189999999999998,0.1886792452830189
LEC,HARD,15.0,71.6,2.0390000000000015,0.2066115702479339
LEC,HARD,16.0,70.0,2.137999999999991,0.22535211267605634
LEC,HARD,17.0,68.4,2.228999999999999,0.24495677233429392
LEC,HARD,18.0,66.8,2.0090000000000003,0.26548672566371684
LEC,HARD,19.0,65.19999999999999,2.1559999999999917,0.2870090634441088
LEC,HARD,20.0,63.6,2.6200000000000045,0.30959752321981426
LEC,HARD,21.0,62.0,2.4710000000000036,0.3333333333333333
LEC,HARD,22.0,60.4,2.1829999999999927,0.3583061889250814
LEC,HARD,23.0,58.8,2.0279999999999916,0.38461538461538464
LEC,HARD,24.0,57.2,2.209000000000003,0.41237113402061853
LEC,HARD,2.0,52.4,2.1289999999999907,0.03745318352059925
LEC,HARD,3.0,50.8,0.875,0.05791505791505792
LEC,HARD,4.0,49.2,1.1359999999999957,0.0796812749003984
LEC,HARD,5.0,47.6,1.0960000000000036,0.102880658436214
LEC,HARD,6.0,46.0,1.1400000000000006,0.1276595744680851
LEC,HARD,7.0,44.39999999999999,0.8619999999999948,0.15418502202643175
LEC,HARD,8.0,42.8,1.0360000000000014,0.18264840182648404
LEC,HARD,9.0,41.2,1.039999999999992,0.21327014218009477
LEC,HARD,10.0,39.6,0.7469999999999999,0.24630541871921183
LEC,HARD,11.0,38.0,0.5949999999999989,0.28205128205128205
LEC,HARD,12.0,36.39999999999999,0.9470000000000027,0.3208556149732621
LEC,HARD,13.0,34.8,0.18599999999999284,0.36312849162011174
LEC,HARD,14.0,33.19999999999999,0.5360000000000014,0.409356725146199
LEC,HARD,15.0,31.599999999999994,0.33100000000000307,0.46012269938650313
LEC,HARD,16.0,30.0,0.11199999999999477,0.5161290322580645
LEC,HARD,17.0,28.39999999999999,0.402000000000001,0.578231292517007
LEC,HARD,18.0,26.8,0.5180000000000007,0.6474820143884892
LEC,HARD,19.0,25.19999999999999,0.6499999999999915,0.7251908396946568
LEC,HARD,20.0,23.599999999999994,0.5069999999999908,0.813008130081301
LEC,HARD,21.0,22.0,1.149000000000001,0.9130434782608695
LEC,HARD,22.0,20.39999999999999,0.0,1.0280373831775704
LEC,HARD,23.0,18.8,1.0579999999999927,1.1616161616161615
STR,MEDIUM,3.0,106.8,2.620999999999995,0.027829313543599257
STR,MEDIUM,4.0,105.2,2.265999999999991,0.03766478342749529
STR,MEDIUM,5.0,103.6,2.5239999999999867,0.047801147227533466
STR,MEDIUM,6.0,102.0,2.4069999999999965,0.05825242718446602
STR,MEDIUM,7.0,100.4,2.096999999999994,0.0690335305719921
STR,MEDIUM,8.0,98.8,2.0889999999999986,0.08016032064128256
STR,HARD,3.0,94.0,1.9529999999999887,0.031578947368421054
STR,HARD,4.0,92.4,1.7879999999999967,0.042826552462526764
STR,HARD,5.0,90.8,2.1329999999999956,0.054466230936819175
STR,HARD,6.0,89.2,2.391999999999996,0.06651884700665188
STR,HARD,7.0,87.6,2.1759999999999877,0.07900677200902935
STR,HARD,8.0,86.0,2.519999999999996,0.09195402298850575
STR,HARD,9.0,84.4,3.719999999999999,0.10538641686182669
STR,HARD,12.0,79.6,2.174999999999997,0.14888337468982632
STR,HARD,13.0,78.0,1.9919999999999902,0.16455696202531644
STR,HARD,14.0,76.4,1.6979999999999933,0.1808785529715762
STR,HARD,15.0,74.8,1.9749999999999943,0.1978891820580475
STR,HARD,16.0,73.19999999999999,1.9309999999999974,0.21563342318059303
STR,HARD,17.0,71.6,1.921999999999997,0.23415977961432508
STR,HARD,18.0,70.0,2.0109999999999957,0.2535211267605634
STR,HARD,19.0,68.4,2.36399999999999,0.2737752161383285
STR,HARD,20.0,66.8,2.2619999999999862,0.2949852507374631
STR,HARD,21.0,65.19999999999999,2.1289999999999907,0.3172205438066466
STR,HARD,22.0,63.6,2.2049999999999983,0.3405572755417957
STR,HARD,23.0,62.0,2.1939999999999884,0.36507936507936506
STR,HARD,24.0,60.4,2.590999999999994,0.39087947882736157
STR,HARD,25.0,58.8,2.2269999999999897,0.4180602006688963
STR,HARD,26.0,57.2,2.3359999999999985,0.4467353951890034
STR,HARD,27.0,55.6,2.1839999999999975,0.47703180212014135
STR,HARD,28.0,54.0,2.4679999999999893,0.509090909090909
STR,HARD,29.0,52.4,2.276999999999987,0.5430711610486891
STR,HARD,3.0,47.6,1.1119999999999948,0.06172839506172839
STR,HARD,4.0,46.0,1.1699999999999875,0.0851063829787234
STR,HARD,5.0,44.39999999999999,1.313999999999993,0.1101321585903084
STR,HARD,6.0,42.8,0.8989999999999867,0.13698630136986303
STR,HARD,7.0,41.2,0.7919999999999874,0.16587677725118483
STR,HARD,8.0,39.6,1.0619999999999976,0.19704433497536944
STR,HARD,9.0,38.0,0.6729999999999876,0.23076923076923078
STR,HARD,10.0,36.39999999999999,0.5009999999999906,0.2673796791443851
STR,HARD,11.0,34.8,0.08399999999998897,0.30726256983240224
STR,HARD,12.0,33.19999999999999,0.17899999999998784,0.35087719298245623
STR,HARD,13.0,31.599999999999994,0.0,0.3987730061349694
STR,HARD,14.0,30.0,0.06099999999999284,0.45161290322580644
STR,HARD,15.0,28.39999999999999,0.1909999999999883,0.5102040816326532
STR,HARD,16.0,26.8,0.28299999999998704,0.5755395683453237
STR,HARD,17.0,25.19999999999999,0.13299999999999557,0.6488549618320614
STR,HARD,18.0,23.599999999999994,0.19999999999998863,0.7317073170731709
STR,HARD,19.0,22.0,0.34199999999999875,0.8260869565217391
STR,HARD,20.0,20.39999999999999,0.30299999999999727,0.9345794392523368
MAG,MEDIUM,2.0,106.8,3.166000000000011,0.01855287569573284
MAG,MEDIUM,3.0,105.2,2.483000000000004,0.02824858757062147
MAG,MEDIUM,4.0,103.6,2.4470000000000027,0.03824091778202677
MAG,MEDIUM,5.0,102.0,2.879000000000005,0.04854368932038835
MAG,MEDIUM,6.0,100.4,2.872,0.05917159763313609
MAG,HARD,2.0,95.6,2.5800000000000125,0.020703933747412008
MAG,HARD,3.0,94.0,2.589000000000013,0.031578947368421054
MAG,HARD,4.0,92.4,2.240000000000009,0.042826552462526764
MAG,HARD,5.0,90.8,2.028000000000006,0.054466230936819175
MAG,HARD,6.0,89.2,1.9810000000000088,0.06651884700665188
MAG,HARD,7.0,87.6,1.8230000000000075,0.07900677200902935
MAG,HARD,8.0,86.0,2.5860000000000127,0.09195402298850575
MAG,HARD,9.0,84.4,2.4790000000000134,0.10538641686182669
MAG,HARD,11.0,81.2,2.0430000000000064,0.13381995133819952
MAG,HARD,12.0,79.6,1.7660000000000053,0.14888337468982632
MAG,HARD,13.0,78.0,1.7270000000000039,0.16455696202531644
MAG,HARD,14.0,76.4,1.7780000000000058,0.1808785529715762
MAG,HARD,15.0,74.8,2.233000000000004,0.1978891820580475
MAG,HARD,16.0,73.19999999999999,3.203000000000003,0.21563342318059303
MAG,HARD,17.0,71.6,2.2480000000000047,0.23415977961432508
MAG,HARD,18.0,70.0,2.4200000000000017,0.2535211267605634
MAG,HARD,19.0,68.4,2.403000000000006,0.2737752161383285
MAG,HARD,20.0,66.8,2.443000000000012,0.2949852507374631
MAG,HARD,21.0,65.19999999999999,2.385000000000005,0.3172205438066466
MAG,HARD,22.0,63.6,2.3740000000000094,0.3405572755417957
MAG,HARD,23.0,62.0,2.325000000000003,0.36507936507936506
MAG,HARD,24.0,60.4,2.1340000000000003,0.39087947882736157
MAG,HARD,25.0,58.8,2.314000000000007,0.4180602006688963
MAG,HARD,2.0,54.0,1.2580000000000098,0.03636363636363636
MAG,HARD,3.0,52.4,1.027000000000001,0.056179775280898875
MAG,HARD,4.0,50.8,1.179000000000002,0.07722007722007722
MAG,HARD,5.0,49.2,1.0030000000000001,0.099601593625498
MAG,HARD,6.0,47.6,0.7630000000000052,0.12345679012345678
MAG,HARD,7.0,46.0,0.6890000000000072,0.14893617021276595
MAG,HARD,8.0,44.39999999999999,2.1069999999999993,0.17621145374449343
MAG,HARD,9.0,42.8,0.8320000000000078,0.20547945205479454
MAG,HARD,10.0,41.2,0.9710000000000036,0.23696682464454974
MAG,HARD,11.0,39.6,0.0,0.270935960591133
MAG,HARD,12.0,38.0,0.5550000000000068,0.3076923076923077
MAG,HARD,13.0,36.39999999999999,0.3810000000000002,0.3475935828877006
MAG,HARD,14.0,34.8,0.45600000000000307,0.3910614525139665
MAG,HARD,15.0,33.19999999999999,0.5880000000000081,0.4385964912280703
MAG,HARD,16.0,31.599999999999994,0.30400000000000205,0.49079754601227005
MAG,HARD,17.0,30.0,0.5840000000000032,0.5483870967741935
MAG,HARD,18.0,28.39999999999999,0.33800000000000807,0.6122448979591838
MAG,HARD,19.0,26.8,0.5490000000000066,0.6834532374100719
MAG,HARD,20.0,25.19999999999999,0.5810000000000031,0.7633587786259546
MAG,HARD,21.0,23.599999999999994,4.173000000000002,0.8536585365853661
MAG,HARD,22.0,22.0,3.8689999999999998,0.9565217391304348
MAG,HARD,23.0,20.39999999999999,2.1159999999999997,1.0747663551401874
TSU,MEDIUM,2.0,106.8,2.673000000000002,0.01855287569573284
TSU,MEDIUM,3.0,105.2,2.0690000000000026,0.02824858757062147
TSU,MEDIUM,4.0,103.6,2.299999999999997,0.03824091778202677
TSU,MEDIUM,5.0,102.0,2.176000000000002,0.04854368932038835
TSU,MEDIUM,6.0,100.4,2.310999999999993,0.05917159763313609
TSU,MEDIUM,7.0,98.8,1.730000000000004,0.07014028056112225
TSU,MEDIUM,8.0,97.2,2.247,0.0814663951120163
TSU,HARD,2.0,92.4,1.7639999999999958,0.021413276231263382
TSU,HARD,3.0,90.8,1.6650000000000063,0.032679738562091505
TSU,HARD,4.0,89.2,1.8979999999999961,0.044345898004434586
TSU,HARD,5.0,87.6,1.688999999999993,0.05643340857787811
TSU,HARD,6.0,86.0,2.201999999999998,0.06896551724137931
TSU,HARD,7.0,84.4,2.117999999999995,0.08196721311475409
TSU,HARD,9.0,81.2,3.7579999999999956,0.1094890510948905
TSU,HARD,10.0,79.6,1.8599999999999994,0.12406947890818859
TSU,HARD,11.0,78.0,1.9140000000000015,0.13924050632911392
TSU,HARD,12.0,76.4,1.8340000000000032,0.15503875968992248
TSU,HARD,13.0,74.8,1.5390000000000015,0.17150395778364116
TSU,HARD,14.0,73.19999999999999,1.8190000000000026,0.1886792452830189
TSU,HARD,15.0,71.6,1.891999999999996,0.2066115702479339
TSU,HARD,16.0,70.0,1.8670000000000044,0.22535211267605634
TSU,HARD,17.0,68.4,2.1680000000000064,0.24495677233429392
TSU,HARD,18.0,66.8,2.1140000000000043,0.26548672566371684
TSU,HARD,19.0,65.19999999999999,1.9410000000000025,0.2870090634441088
TSU,HARD,20.0,63.6,2.3640000000000043,0.30959752321981426
TSU,HARD,21.0,62.0,2.2480000000000047,0.3333333333333333
TSU,HARD,22.0,60.4,2.233000000000004,0.3583061889250814
TSU,HARD,23.0,58.8,2.2560000000000002,0.38461538461538464
TSU,HARD,24.0,57.2,2.0919999999999987,0.41237113402061853
TSU,HARD,25.0,55.6,2.188999999999993,0.4416961130742049
TSU,HARD,26.0,54.0,2.155000000000001,0.4727272727272727
TSU,HARD,2.0,49.2,0.7900000000000063,0.0398406374501992
TSU,HARD,3.0,47.6,1.1129999999999995,0.06172839506172839
TSU,HARD,4.0,46.0,2.084000000000003,0.0851063829787234
TSU,HARD,5.0,44.39999999999999,0.6299999999999955,0.1101321585903084
TSU,HARD,6.0,42.8,0.6500000000000057,0.13698630136986303
TSU,HARD,7.0,41.2,0.7939999999999969,0.16587677725118483
TSU,HARD,8.0,39.6,0.6899999999999977,0.19704433497536944
TSU,HARD,9.0,38.0,0.5619999999999976,0.23076923076923078
TSU,HARD,10.0,36.39999999999999,0.0,0.2673796791443851
TSU,HARD,11.0,34.8,0.12000000000000455,0.30726256983240224
TSU,HARD,12.0,33.19999999999999,0.04000000000000625,0.35087719298245623
TSU,HARD,13.0,31.599999999999994,0.16899999999999693,0.3987730061349694
TSU,HARD,14.0,30.0,0.15099999999999625,0.45161290322580644
TSU,HARD,15.0,28.39999999999999,0.4339999999999975,0.5102040816326532
TSU,HARD,16.0,26.8,0.5130000000000052,0.5755395683453237
TSU,HARD,17.0,25.19999999999999,0.41899999999999693,0.6488549618320614
TSU,HARD,18.0,23.599999999999994,0.5819999999999936,0.7317073170731709
TSU,HARD,19.0,22.0,0.5430000000000064,0.8260869565217391
TSU,HARD,20.0,20.39999999999999,0.6779999999999973,0.9345794392523368
ALB,MEDIUM,2.0,106.8,2.9180000000000064,0.01855287569573284
ALB,MEDIUM,3.0,105.2,1.9879999999999995,0.02824858757062147
ALB,MEDIUM,4.0,103.6,1.8200000000000074,0.03824091778202677
ALB,MEDIUM,5.0,102.0,2.298000000000002,0.04854368932038835
ALB,HARD,2.0,97.2,2.102000000000004,0.020366598778004074
ALB,HARD,3.0,95.6,2.027000000000001,0.031055900621118016
ALB,HARD,4.0,94.0,2.234000000000009,0.042105263157894736
ALB,HARD,5.0,92.4,1.63600000000001,0.05353319057815845
ALB,HARD,6.0,90.8,1.149000000000001,0.06535947712418301
ALB,HARD,7.0,89.2,1.565000000000012,0.07760532150776053
ALB,HARD,8.0,87.6,1.3599999999999994,0.09029345372460497
ALB,HARD,9.0,86.0,1.409000000000006,0.10344827586206896
ALB,HARD,10.0,84.4,1.3449999999999989,0.11709601873536299
ALB,HARD,12.0,81.2,2.725999999999999,0.145985401459854
ALB,HARD,13.0,79.6,1.4040000000000106,0.16129032258064518
ALB,HARD,14.0,78.0,0.9890000000000043,0.17721518987341772
ALB,HARD,15.0,76.4,1.4480000000000075,0.19379844961240308
ALB,HARD,16.0,74.8,1.683000000000007,0.21108179419525067
ALB,HARD,17.0,73.19999999999999,1.5799999999999983,0.22911051212938008
ALB,HARD,18.0,71.6,1.8950000000000102,0.24793388429752067
ALB,HARD,19.0,70.0,2.0530000000000115,0.2676056338028169
ALB,HARD,20.0,68.4,1.9070000000000107,0.2881844380403458
ALB,HARD,2.0,63.6,1.1740000000000066,0.030959752321981428
ALB,HARD,3.0,62.0,1.2800000000000011,0.047619047619047616
ALB,HARD,4.0,60.4,1.331000000000003,0.06514657980456026
ALB,HARD,5.0,58.8,1.2830000000000013,0.08361204013377926
ALB,HARD,6.0,57.2,1.5700000000000074,0.10309278350515463
ALB,HARD,7.0,55.6,1.443000000000012,0.12367491166077738
ALB,HARD,8.0,54.0,1.5170000000000101,0.14545454545454545
ALB,HARD,9.0,52.4,2.868000000000009,0.16853932584269662
ALB,HARD,10.0,50.8,1.3000000000000114,0.19305019305019305
ALB,HARD,11.0,49.2,0.5360000000000014,0.21912350597609562
ALB,HARD,12.0,47.6,0.3930000000000007,0.24691358024691357
ALB,HARD,13.0,46.0,0.12199999999999989,0.2765957446808511
ALB,HARD,14.0,44.39999999999999,1.956000000000003,0.3083700440528635
ALB,HARD,15.0,42.8,0.11200000000000898,0.34246575342465757
ALB,HARD,16.0,41.2,0.6740000000000066,0.3791469194312796
ALB,HARD,17.0,39.6,0.8810000000000002,0.4187192118226601
ALB,HARD,18.0,38.0,0.2890000000000015,0.46153846153846156
ALB,HARD,19.0,36.39999999999999,0.0,0.5080213903743317
ALB,HARD,20.0,34.8,0.22700000000000387,0.558659217877095
ALB,HARD,21.0,33.19999999999999,0.3090000000000117,0.6140350877192985
ALB,HARD,22.0,31.599999999999994,0.30000000000001137,0.6748466257668713
ALB,HARD,23.0,30.0,0.6009999999999991,0.7419354838709677
ALB,HARD,24.0,28.39999999999999,0.7010000000000076,0.8163265306122451
ALB,HARD,25.0,26.8,0.5660000000000025,0.8992805755395683
ALB,HARD,26.0,25.19999999999999,0.7810000000000059,0.9923664122137409
ALB,HARD,27.0,23.599999999999994,2.5130000000000052,1.0975609756097564
ALB,HARD,28.0,22.0,0.6940000000000026,1.2173913043478262
ALB,HARD,29.0,20.39999999999999,2.5720000000000027,1.3551401869158883
ZHO,SOFT,2.0,106.8,3.0520000000000067,0.01855287569573284
ZHO,SOFT,3.0,105.2,2.585000000000008,0.02824858757062147
ZHO,SOFT,4.0,103.6,2.620999999999995,0.03824091778202677
ZHO,SOFT,5.0,102.0,2.834000000000003,0.04854368932038835
ZHO,HARD,3.0,97.2,3.075000000000003,0.03054989816700611
ZHO,HARD,4.0,95.6,2.296999999999997,0.041407867494824016
ZHO,HARD,5.0,94.0,2.3329999999999984,0.05263157894736842
ZHO,HARD,6.0,92.4,2.1200000000000045,0.06423982869379015
ZHO,HARD,7.0,90.8,1.8500000000000085,0.07625272331154684
ZHO,HARD,8.0,89.2,2.1440000000000055,0.08869179600886917
ZHO,HARD,9.0,87.6,1.9750000000000085,0.10158013544018059
ZHO,HARD,10.0,86.0,2.0019999999999953,0.11494252873563218
ZHO,HARD,11.0,84.4,2.0120000000000005,0.1288056206088993
ZHO,HARD,13.0,81.2,3.6310000000000002,0.15815085158150852
ZHO,HARD,14.0,79.6,2.210000000000008,0.17369727047146402
ZHO,HARD,15.0,78.0,1.7420000000000044,0.189873417721519
ZHO,HARD,16.0,76.4,2.146000000000001,0.20671834625322996
ZHO,HARD,17.0,74.8,2.103999999999999,0.22427440633245382
ZHO,HARD,18.0,73.19999999999999,1.9369999999999976,0.24258760107816715
ZHO,HARD,19.0,71.6,1.8689999999999998,0.2617079889807163
ZHO,HARD,20.0,70.0,1.7040000000000077,0.28169014084507044
ZHO,HARD,21.0,68.4,1.7349999999999994,0.3025936599423631
ZHO,HARD,22.0,66.8,1.769999999999996,0.32448377581120946
ZHO,HARD,23.0,65.19999999999999,1.695999999999998,0.34743202416918434
ZHO,HARD,24.0,63.6,1.2750000000000057,0.3715170278637771
ZHO,HARD,25.0,62.0,1.6620000000000061,0.3968253968253968
ZHO,HARD,26.0,60.4,1.4989999999999952,0.4234527687296417
ZHO,HARD,27.0,58.8,1.8430000000000035,0.45150501672240806
ZHO,HARD,28.0,57.2,1.918999999999997,0.4810996563573883
ZHO,HARD,29.0,55.6,1.7409999999999997,0.5123674911660777
ZHO,HARD,2.0,50.8,1.2710000000000008,0.03861003861003861
ZHO,HARD,3.0,49.2,1.1030000000000086,0.0597609561752988
ZHO,HARD,4.0,47.6,0.6809999999999974,0.0823045267489712
ZHO,HARD,5.0,46.0,0.5810000000000031,0.10638297872340426
ZHO,HARD,6.0,44.39999999999999,2.671999999999997,0.13215859030837007
ZHO,HARD,7.0,42.8,0.867999999999995,0.15981735159817353
ZHO,HARD,8.0,41.2,2.5,0.1895734597156398
ZHO,HARD,9.0,39.6,0.8200000000000074,0.22167487684729062
ZHO,HARD,10.0,38.0,0.2819999999999965,0.2564102564102564
ZHO,HARD,11.0,36.39999999999999,0.3359999999999985,0.2941176470588236
ZHO,HARD,12.0,34.8,0.44899999999999807,0.335195530726257
ZHO,HARD,13.0,33.19999999999999,1.808000000000007,0.38011695906432763
ZHO,HARD,14.0,31.599999999999994,0.0,0.42944785276073627
ZHO,HARD,15.0,30.0,0.5040000000000049,0.4838709677419355
ZHO,HARD,16.0,28.39999999999999,0.5030000000000001,0.5442176870748301
ZHO,HARD,17.0,26.8,0.7330000000000041,0.6115107913669064
ZHO,HARD,18.0,25.19999999999999,0.8569999999999993,0.687022900763359
ZHO,HARD,19.0,23.599999999999994,0.7399999999999949,0.772357723577236
ZHO,HARD,20.0,22.0,0.47100000000000364,0.8695652173913043
HUL,HARD,2.0,106.8,3.5619999999999976,0.01855287569573284
HUL,HARD,3.0,105.2,2.4309999999999974,0.02824858757062147
HUL,HARD,4.0,103.6,2.5859999999999985,0.03824091778202677
HUL,HARD,5.0,102.0,3.3200000000000074,0.04854368932038835
HUL,HARD,6.0,100.4,2.602000000000004,0.05917159763313609
HUL,HARD,7.0,98.8,2.722999999999999,0.07014028056112225
HUL,HARD,8.0,97.2,2.692999999999998,0.0814663951120163
HUL,HARD,9.0,95.6,2.7109999999999985,0.09316770186335405
HUL,HARD,10.0,94.0,2.632000000000005,0.10526315789473684
HUL,HARD,11.0,92.4,3.924999999999997,0.1177730192719486
HUL,HARD,12.0,90.8,3.679000000000002,0.13071895424836602
HUL,HARD,13.0,89.2,2.808000000000007,0.1441241685144124
HUL,HARD,14.0,87.6,2.8200000000000074,0.1580135440180587
HUL,HARD,15.0,86.0,3.13600000000001,0.1724137931034483
HUL,HARD,16.0,84.4,2.8800000000000097,0.18735362997658078
HUL,MEDIUM,2.0,79.6,1.1020000000000039,0.02481389578163772
HUL,MEDIUM,3.0,78.0,1.26100000000001,0.0379746835443038
HUL,MEDIUM,4.0,76.4,1.3340000000000032,0.05167958656330749
HUL,MEDIUM,5.0,74.8,1.293999999999997,0.06596306068601583
HUL,MEDIUM,6.0,73.19999999999999,1.007000000000005,0.08086253369272238
HUL,MEDIUM,7.0,71.6,1.3830000000000098,0.09641873278236915
HUL,MEDIUM,8.0,70.0,1.8290000000000077,0.11267605633802817
HUL,MEDIUM,9.0,68.4,2.548000000000002,0.12968299711815562
HUL,MEDIUM,10.0,66.8,2.240000000000009,0.14749262536873156
HUL,MEDIUM,11.0,65.19999999999999,2.192999999999998,0.16616314199395774
HUL,MEDIUM,12.0,63.6,2.0220000000000056,0.18575851393188855
HUL,MEDIUM,13.0,62.0,2.1540000000000106,0.20634920634920634
HUL,MEDIUM,14.0,60.4,1.9939999999999998,0.22801302931596093
HUL,MEDIUM,15.0,58.8,1.7469999999999999,0.2508361204013378
HUL,MEDIUM,16.0,57.2,1.7650000000000006,0.274914089347079
HUL,MEDIUM,17.0,55.6,1.9980000000000047,0.30035335689045933
HUL,HARD,2.0,50.8,0.48499999999999943,0.03861003861003861
HUL,HARD,3.0,49.2,0.8800000000000097,0.0597609561752988
HUL,HARD,4.0,47.6,0.7510000000000048,0.0823045267489712
HUL,HARD,5.0,46.0,1.6779999999999973,0.10638297872340426
HUL,HARD,6.0,44.39999999999999,0.8710000000000093,0.13215859030837007
HUL,HARD,7.0,42.8,1.0280000000000058,0.15981735159817353
HUL,HARD,8.0,41.2,0.76400000000001,0.1895734597156398
HUL,HARD,9.0,39.6,0.585000000000008,0.22167487684729062
HUL,HARD,10.0,38.0,0.38700000000000045,0.2564102564102564
HUL,HARD,11.0,36.39999999999999,0.0,0.2941176470588236
HUL,HARD,12.0,34.8,0.48400000000000887,0.335195530726257
HUL,HARD,13.0,33.19999999999999,0.45700000000000784,0.38011695906432763
HUL,HARD,14.0,31.599999999999994,0.5829999999999984,0.42944785276073627
HUL,HARD,15.0,30.0,0.9570000000000078,0.4838709677419355
HUL,HARD,16.0,28.39999999999999,0.585000000000008,0.5442176870748301
HUL,HARD,17.0,26.8,0.6360000000000099,0.6115107913669064
HUL,HARD,18.0,25.19999999999999,0.6129999999999995,0.687022900763359
HUL,HARD,19.0,23.599999999999994,0.8760000000000048,0.772357723577236
HUL,HARD,20.0,22.0,1.5520000000000067,0.8695652173913043
HUL,HARD,21.0,20.39999999999999,1.1290000000000049,0.9813084112149537
RIC,SOFT,2.0,106.8,3.586999999999989,0.01855287569573284
RIC,SOFT,3.0,105.2,2.600999999999999,0.02824858757062147
RIC,SOFT,4.0,103.6,2.8559999999999945,0.03824091778202677
RIC,HARD,2.0,98.8,2.801000000000002,0.02004008016032064
RIC,HARD,3.0,97.2,2.3689999999999998,0.03054989816700611
RIC,HARD,4.0,95.6,2.2519999999999953,0.041407867494824016
RIC,HARD,5.0,94.0,2.0060000000000002,0.05263157894736842
RIC,HARD,6.0,92.4,1.843999999999994,0.06423982869379015
RIC,HARD,7.0,90.8,1.8190000000000026,0.07625272331154684
RIC,HARD,8.0,89.2,1.664999999999992,0.08869179600886917
RIC,HARD,9.0,87.6,1.637999999999991,0.10158013544018059
RIC,HARD,10.0,86.0,1.590999999999994,0.11494252873563218
RIC,HARD,11.0,84.4,1.9039999999999964,0.1288056206088993
RIC,HARD,13.0,81.2,3.878,0.15815085158150852
RIC,HARD,14.0,79.6,1.7849999999999966,0.17369727047146402
RIC,HARD,15.0,78.0,1.887999999999991,0.189873417721519
RIC,HARD,16.0,76.4,1.9479999999999933,0.20671834625322996
RIC,HARD,17.0,74.8,1.8659999999999997,0.22427440633245382
RIC,HARD,18.0,73.19999999999999,1.7729999999999961,0.24258760107816715
RIC,HARD,19.0,71.6,2.0529999999999973,0.2617079889807163
RIC,HARD,20.0,70.0,2.3079999999999927,0.28169014084507044
RIC,HARD,21.0,68.4,2.117999999999995,0.3025936599423631
RIC,HARD,22.0,66.8,2.646000000000001,0.32448377581120946
RIC,HARD,23.0,65.19999999999999,2.6239999999999952,0.34743202416918434
RIC,HARD,2.0,60.4,1.698999999999998,0.03257328990228013
RIC,HARD,3.0,58.8,1.4989999999999952,0.05016722408026756
RIC,HARD,4.0,57.2,1.2039999999999935,0.06872852233676975
RIC,HARD,5.0,55.6,1.4699999999999989,0.08833922261484099
RIC,HARD,6.0,54.0,2.2509999999999906,0.10909090909090909
RIC,HARD,7.0,52.4,3.891999999999996,0.1310861423220974
RIC,HARD,8.0,50.8,1.198999999999998,0.15444015444015444
RIC,HARD,9.0,49.2,1.1409999999999911,0.1792828685258964
RIC,HARD,10.0,47.6,0.9329999999999927,0.205761316872428
RIC,HARD,11.0,46.0,0.14799999999999613,0.23404255319148937
RIC,HARD,12.0,44.39999999999999,0.3689999999999998,0.26431718061674014
RIC,HARD,13.0,42.8,0.6490000000000009,0.29680365296803657
RIC,HARD,14.0,41.2,0.4089999999999918,0.33175355450236965
RIC,HARD,15.0,39.6,0.07399999999999807,0.3694581280788177
RIC,HARD,16.0,38.0,0.09099999999999397,0.41025641025641024
RIC,HARD,17.0,36.39999999999999,0.0,0.45454545454545464
RIC,HARD,18.0,34.8,0.06099999999999284,0.5027932960893855
RIC,HARD,19.0,33.19999999999999,0.2530000000000001,0.5555555555555557
RIC,HARD,20.0,31.599999999999994,0.3669999999999902,0.6134969325153375
RIC,HARD,21.0,30.0,0.5429999999999922,0.6774193548387096
RIC,HARD,22.0,28.39999999999999,0.5300000000000011,0.7482993197278913
RIC,HARD,23.0,26.8,0.644999999999996,0.8273381294964028
RIC,HARD,24.0,25.19999999999999,2.992999999999995,0.9160305343511455
RIC,HARD,25.0,23.599999999999994,1.3289999999999935,1.0162601626016263
RIC,HARD,26.0,22.0,2.372,1.1304347826086956
RIC,HARD,27.0,20.39999999999999,2.5999999999999943,1.2616822429906547
OCO,MEDIUM,2.0,106.8,3.3260000000000076,0.01855287569573284
OCO,MEDIUM,3.0,105.2,2.222999999999999,0.02824858757062147
OCO,MEDIUM,4.0,103.6,2.219999999999999,0.03824091778202677
OCO,MEDIUM,5.0,102.0,2.430000000000007,0.04854368932038835
OCO,MEDIUM,6.0,100.4,2.4869999999999948,0.05917159763313609
OCO,MEDIUM,7.0,98.8,1.843999999999994,0.07014028056112225
OCO,MEDIUM,8.0,97.2,1.6260000000000048,0.0814663951120163
OCO,HARD,2.0,92.4,1.9849999999999994,0.021413276231263382
OCO,HARD,3.0,90.8,1.5280000000000058,0.032679738562091505
OCO,HARD,4.0,89.2,1.6020000000000039,0.044345898004434586
OCO,HARD,5.0,87.6,1.7650000000000006,0.05643340857787811
OCO,HARD,6.0,86.0,1.7369999999999948,0.06896551724137931
OCO,HARD,2.0,81.2,1.233000000000004,0.024330900243309
OCO,HARD,3.0,79.6,1.5259999999999962,0.03722084367245658
OCO,HARD,4.0,78.0,1.4599999999999937,0.05063291139240506
OCO,HARD,5.0,76.4,1.3089999999999975,0.06459948320413436
OCO,HARD,6.0,74.8,1.448999999999998,0.079155672823219
OCO,HARD,7.0,73.19999999999999,1.3589999999999947,0.09433962264150945
OCO,HARD,8.0,71.6,1.4050000000000011,0.11019283746556474
OCO,HARD,9.0,70.0,1.4429999999999978,0.1267605633802817
OCO,HARD,10.0,68.4,1.5379999999999967,0.1440922190201729
OCO,HARD,11.0,66.8,1.546999999999997,0.16224188790560473
OCO,HARD,12.0,65.19999999999999,1.7540000000000049,0.18126888217522663
OCO,HARD,13.0,63.6,1.7630000000000052,0.20123839009287928
OCO,HARD,14.0,62.0,1.686000000000007,0.2222222222222222
OCO,HARD,15.0,60.4,1.5670000000000073,0.24429967426710097
OCO,HARD,16.0,58.8,1.5550000000000068,0.26755852842809363
OCO,HARD,17.0,57.2,1.641999999999996,0.29209621993127144
OCO,HARD,18.0,55.6,4.129000000000005,0.31802120141342755
OCO,HARD,19.0,54.0,1.8850000000000051,0.34545454545454546
OCO,HARD,20.0,52.4,3.5859999999999985,0.37453183520599254
OCO,HARD,21.0,50.8,1.480000000000004,0.40540540540540543
OCO,HARD,22.0,49.2,2.272999999999996,0.43824701195219123
OCO,HARD,23.0,47.6,1.3520000000000039,0.4732510288065844
OCO,HARD,24.0,46.0,1.6350000000000051,0.5106382978723404
OCO,HARD,25.0,44.39999999999999,1.808000000000007,0.5506607929515419
OCO,HARD,9.0,39.6,0.242999999999995,0.22167487684729062
OCO,HARD,10.0,38.0,0.0,0.2564102564102564
OCO,HARD,11.0,36.39999999999999,1.6869999999999976,0.2941176470588236
OCO,HARD,12.0,34.8,0.10999999999999943,0.335195530726257
OCO,HARD,13.0,33.19999999999999,0.1950000000000074,0.38011695906432763
OCO,HARD,14.0,31.599999999999994,0.32399999999999807,0.42944785276073627
OCO,HARD,15.0,30.0,0.27899999999999636,0.4838709677419355
OCO,HARD,16.0,28.39999999999999,0.5969999999999942,0.5442176870748301
OCO,HARD,17.0,26.8,0.8010000000000019,0.6115107913669064
OCO,HARD,18.0,25.19999999999999,0.8529999999999944,0.687022900763359
OCO,HARD,19.0,23.599999999999994,0.875,0.772357723577236
OCO,HARD,20.0,22.0,0.9500000000000028,0.8695652173913043
NOR,MEDIUM,2.0,106.8,3.2680000000000007,0.01855287569573284
NOR,MEDIUM,3.0,105.2,2.7409999999999997,0.02824858757062147
NOR,MEDIUM,4.0,103.6,2.6939999999999884,0.03824091778202677
NOR,MEDIUM,5.0,102.0,2.769999999999996,0.04854368932038835
NOR,MEDIUM,6.0,100.4,2.7169999999999987,0.05917159763313609
NOR,MEDIUM,7.0,98.8,2.8289999999999935,0.07014028056112225
NOR,MEDIUM,8.0,97.2,2.714999999999989,0.0814663951120163
NOR,MEDIUM,9.0,95.6,2.8119999999999976,0.09316770186335405
NOR,MEDIUM,10.0,94.0,2.779999999999987,0.10526315789473684
NOR,MEDIUM,11.0,92.4,3.021000000000001,0.1177730192719486
NOR,MEDIUM,12.0,90.8,2.8989999999999867,0.13071895424836602
NOR,MEDIUM,13.0,89.2,3.2379999999999995,0.1441241685144124
NOR,HARD,3.0,84.4,2.021000000000001,0.0351288056206089
NOR,HARD,6.0,79.6,2.4409999999999883,0.07444168734491316
NOR,HARD,7.0,78.0,1.7269999999999897,0.08860759493670886
NOR,HARD,8.0,76.4,1.9919999999999902,0.10335917312661498
NOR,HARD,9.0,74.8,1.833999999999989,0.1187335092348285
NOR,HARD,10.0,73.19999999999999,1.8299999999999983,0.13477088948787064
NOR,HARD,11.0,71.6,1.6469999999999914,0.15151515151515152
NOR,HARD,12.0,70.0,1.7979999999999876,0.16901408450704225
NOR,HARD,13.0,68.4,1.695999999999998,0.18731988472622477
NOR,HARD,14.0,66.8,2.060999999999993,0.20648967551622419
NOR,HARD,15.0,65.19999999999999,1.921999999999997,0.22658610271903326
NOR,HARD,16.0,63.6,1.948999999999998,0.24767801857585142
NOR,HARD,17.0,62.0,2.066999999999993,0.2698412698412698
NOR,HARD,18.0,60.4,1.9329999999999927,0.2931596091205212
NOR,HARD,19.0,58.8,1.6589999999999918,0.3177257525083612
NOR,HARD,20.0,57.2,1.7769999999999868,0.3436426116838488
NOR,HARD,21.0,55.6,1.8539999999999992,0.3710247349823321
NOR,HARD,22.0,54.0,1.5949999999999989,0.4
NOR,HARD,23.0,52.4,1.5309999999999917,0.4307116104868914
NOR,HARD,24.0,50.8,1.7469999999999999,0.46332046332046334
NOR,HARD,25.0,49.2,1.6029999999999944,0.49800796812749
NOR,HARD,26.0,47.6,1.98599999999999,0.5349794238683128
NOR,HARD,3.0,42.8,1.1099999999999994,0.06849315068493152
NOR,HARD,4.0,41.2,0.7369999999999948,0.0947867298578199
NOR,HARD,5.0,39.6,0.6979999999999933,0.12315270935960591
NOR,HARD,6.0,38.0,0.7049999999999983,0.15384615384615385
NOR,HARD,7.0,36.39999999999999,0.055999999999997385,0.18716577540106957
NOR,HARD,8.0,34.8,0.27299999999999613,0.223463687150838
NOR,HARD,9.0,33.19999999999999,0.34499999999999886,0.2631578947368422
NOR,HARD,10.0,31.599999999999994,0.0,0.3067484662576688
NOR,HARD,11.0,30.0,0.23599999999999,0.3548387096774194
NOR,HARD,12.0,28.39999999999999,0.3459999999999894,0.40816326530612257
NOR,HARD,13.0,26.8,0.04399999999999693,0.4676258992805755
NOR,HARD,14.0,25.19999999999999,0.35199999999998965,0.5343511450381682
NOR,HARD,15.0,23.599999999999994,0.19199999999999307,0.6097560975609757
NOR,HARD,16.0,22.0,0.3789999999999907,0.6956521739130435
NOR,HARD,17.0,20.39999999999999,0.5659999999999883,0.7943925233644863
NOR,HARD,18.0,18.8,0.6559999999999917,0.9090909090909091
HAM,SOFT,2.0,106.8,1.6110000000000042,0.01855287569573284
HAM,SOFT,3.0,105.2,0.6259999999999906,0.02824858757062147
HAM,SOFT,4.0,103.6,0.9920000000000044,0.03824091778202677
HAM,SOFT,5.0,102.0,1.1119999999999948,0.04854368932038835
HAM,SOFT,6.0,100.4,0.7210000000000036,0.05917159763313609
HAM,HARD,2.0,95.6,0.1110000000000042,0.020703933747412008
HAM,HARD,3.0,94.0,1.850999999999999,0.031578947368421054
HAM,HARD,4.0,92.4,0.0,0.042826552462526764
HAM,HARD,5.0,90.8,0.5969999999999942,0.054466230936819175
HAM,HARD,6.0,89.2,0.8019999999999925,0.06651884700665188
HAM,HARD,7.0,87.6,0.2680000000000007,0.07900677200902935
HAM,HARD,8.0,86.0,1.6970000000000027,0.09195402298850575
SAI,MEDIUM,2.0,106.8,2.5689999999999884,0.01855287569573284
SAI,MEDIUM,3.0,105.2,2.9749999999999943,0.02824858757062147
SAI,MEDIUM,4.0,103.6,2.402000000000001,0.03824091778202677
SAI,MEDIUM,5.0,102.0,2.597999999999999,0.04854368932038835
SAI,MEDIUM,6.0,100.4,2.540999999999997,0.05917159763313609
SAI,MEDIUM,7.0,98.8,2.4029999999999916,0.07014028056112225
SAI,MEDIUM,8.0,97.2,2.2719999999999914,0.0814663951120163
SAI,MEDIUM,9.0,95.6,1.9939999999999998,0.09316770186335405
SAI,MEDIUM,10.0,94.0,1.6839999999999975,0.10526315789473684
SAI,MEDIUM,11.0,92.4,1.9069999999999965,0.1177730192719486
SAI,MEDIUM,12.0,90.8,2.1439999999999912,0.13071895424836602
SAI,MEDIUM,13.0,89.2,2.1739999999999924,0.1441241685144124
SAI,MEDIUM,14.0,87.6,2.455999999999989,0.1580135440180587
SAI,MEDIUM,15.0,86.0,2.5889999999999986,0.1724137931034483
SAI,HARD,3.0,79.6,1.7800000000000011,0.03722084367245658
SAI,HARD,4.0,78.0,1.570999999999998,0.05063291139240506
SAI,HARD,5.0,76.4,1.8999999999999915,0.06459948320413436
SAI,HARD,6.0,74.8,1.4399999999999977,0.079155672823219
SAI,HARD,7.0,73.19999999999999,1.5,0.09433962264150945
SAI,HARD,8.0,71.6,1.4269999999999925,0.11019283746556474
SAI,HARD,9.0,70.0,1.211999999999989,0.1267605633802817
SAI,HARD,10.0,68.4,1.046999999999997,0.1440922190201729
SAI,HARD,11.0,66.8,1.4259999999999877,0.16224188790560473
SAI,HARD,12.0,65.19999999999999,1.4089999999999918,0.18126888217522663
SAI,HARD,13.0,63.6,1.4579999999999984,0.20123839009287928
SAI,HARD,14.0,62.0,1.5919999999999987,0.2222222222222222
SAI,HARD,15.0,60.4,1.2509999999999906,0.24429967426710097
SAI,HARD,16.0,58.8,1.1739999999999924,0.26755852842809363
SAI,HARD,17.0,57.2,1.4639999999999986,0.29209621993127144
SAI,HARD,18.0,55.6,1.6859999999999928,0.31802120141342755
SAI,HARD,19.0,54.0,1.6899999999999977,0.34545454545454546
SAI,HARD,20.0,52.4,1.9869999999999948,0.37453183520599254
SAI,HARD,21.0,50.8,1.9399999999999977,0.40540540540540543
SAI,HARD,22.0,49.2,1.3810000000000002,0.43824701195219123
SAI,HARD,23.0,47.6,1.5229999999999961,0.4732510288065844
SAI,HARD,24.0,46.0,1.411999999999992,0.5106382978723404
SAI,HARD,2.0,41.2,0.6989999999999981,0.04739336492890995
SAI,HARD,3.0,39.6,0.73599999999999,0.07389162561576354
SAI,HARD,4.0,38.0,0.19199999999999307,0.10256410256410256
SAI,HARD,5.0,36.39999999999999,0.3429999999999893,0.13368983957219255
SAI,HARD,6.0,34.8,0.17199999999999704,0.1675977653631285
SAI,HARD,7.0,33.19999999999999,0.0,0.2046783625730995
SAI,HARD,8.0,31.599999999999994,0.25,0.24539877300613502
SAI,HARD,9.0,30.0,0.41899999999999693,0.2903225806451613
SAI,HARD,10.0,28.39999999999999,0.0519999999999925,0.3401360544217688
SAI,HARD,11.0,26.8,0.17799999999999727,0.39568345323741005
SAI,HARD,12.0,25.19999999999999,0.583999999999989,0.4580152671755727
SAI,HARD,13.0,23.599999999999994,0.5509999999999877,0.5284552845528456
SAI,HARD,14.0,22.0,0.7219999999999942,0.6086956521739131
SAI,HARD,15.0,20.39999999999999,1.066999999999993,0.7009345794392526
SAI,HARD,16.0,18.8,0.8509999999999991,0.8080808080808081
RUS,MEDIUM,2.0,106.8,3.062999999999988,0.01855287569573284
RUS,MEDIUM,3.0,105.2,2.753,0.02824858757062147
RUS,MEDIUM,4.0,103.6,3.286999999999992,0.03824091778202677
RUS,MEDIUM,5.0,102.0,2.887999999999991,0.04854368932038835
RUS,MEDIUM,6.0,100.4,2.8349999999999937,0.05917159763313609
RUS,MEDIUM,7.0,98.8,2.4799999999999898,0.07014028056112225
RUS,HARD,2.0,94.0,2.4529999999999887,0.021052631578947368
RUS,HARD,3.0,92.4,2.431999999999988,0.032119914346895075
RUS,HARD,4.0,90.8,2.7379999999999995,0.04357298474945534
RUS,HARD,5.0,89.2,3.1539999999999964,0.05543237250554323
RUS,HARD,6.0,87.6,3.1059999999999945,0.06772009029345373
RUS,HARD,7.0,86.0,3.8019999999999925,0.08045977011494253
RUS,HARD,8.0,84.4,3.0819999999999936,0.09367681498829039
RUS,HARD,11.0,79.6,2.1159999999999997,0.13647642679900746
RUS,HARD,12.0,78.0,2.1499999999999915,0.1518987341772152
RUS,HARD,13.0,76.4,3.144999999999996,0.16795865633074933
RUS,HARD,14.0,74.8,2.553999999999988,0.18469656992084432
RUS,HARD,15.0,73.19999999999999,2.7279999999999944,0.20215633423180596
RUS,HARD,16.0,71.6,2.657999999999987,0.22038567493112948
RUS,HARD,17.0,70.0,2.418999999999997,0.23943661971830985
RUS,HARD,18.0,68.4,2.600999999999999,0.25936599423631124
RUS,HARD,19.0,66.8,2.853999999999999,0.28023598820059
RUS,HARD,20.0,65.19999999999999,2.8119999999999976,0.3021148036253777
RUS,HARD,21.0,63.6,2.3789999999999907,0.325077399380805
RUS,HARD,22.0,62.0,2.3789999999999907,0.3492063492063492
RUS,HARD,23.0,60.4,2.2309999999999945,0.3745928338762215
RUS,HARD,24.0,58.8,2.4259999999999877,0.4013377926421405
RUS,HARD,25.0,57.2,2.1769999999999925,0.42955326460481097
RUS,HARD,26.0,55.6,2.0689999999999884,0.45936395759717313
RUS,HARD,27.0,54.0,2.306999999999988,0.4909090909090909
RUS,HARD,28.0,52.4,2.253,0.5243445692883896
RUS,HARD,29.0,50.8,2.1239999999999952,0.5598455598455598
RUS,HARD,30.0,49.2,1.8909999999999911,0.597609561752988
RUS,HARD,31.0,47.6,1.8829999999999956,0.6378600823045267
RUS,HARD,32.0,46.0,2.188999999999993,0.6808510638297872
RUS,HARD,33.0,44.39999999999999,2.0349999999999966,0.7268722466960353
RUS,HARD,34.0,42.8,1.972999999999999,0.7762557077625571
RUS,HARD,35.0,41.2,1.8269999999999982,0.8293838862559241
RUS,HARD,36.0,39.6,1.8129999999999882,0.8866995073891625
RUS,HARD,2.0,34.8,0.04199999999998738,0.0558659217877095
RUS,HARD,3.0,33.19999999999999,0.4549999999999983,0.08771929824561406
RUS,HARD,4.0,31.599999999999994,0.5240000000000009,0.12269938650306751
RUS,HARD,5.0,30.0,0.6979999999999933,0.16129032258064516
RUS,HARD,6.0,28.39999999999999,0.41099999999998715,0.20408163265306128
RUS,HARD,7.0,26.8,0.24499999999999034,0.2517985611510791
RUS,HARD,8.0,25.19999999999999,0.0,0.3053435114503818
RUS,HARD,9.0,23.599999999999994,0.9099999999999966,0.36585365853658547
RUS,HARD,10.0,22.0,0.5069999999999908,0.43478260869565216
RUS,HARD,11.0,20.39999999999999,0.3709999999999951,0.5140186915887852
BOT,MEDIUM,3.0,106.8,2.921999999999997,0.027829313543599257
BOT,MEDIUM,4.0,105.2,1.8500000000000085,0.03766478342749529
BOT,MEDIUM,5.0,103.6,2.2830000000000013,0.047801147227533466
BOT,MEDIUM,6.0,102.0,2.1380000000000052,0.05825242718446602
BOT,MEDIUM,7.0,100.4,1.7000000000000028,0.0690335305719921
BOT,MEDIUM,8.0,98.8,2.3160000000000025,0.08016032064128256
BOT,HARD,3.0,94.0,1.7390000000000043,0.031578947368421054
BOT,HARD,4.0,92.4,2.0180000000000007,0.042826552462526764
BOT,HARD,5.0,90.8,1.554000000000002,0.054466230936819175
BOT,HARD,6.0,89.2,1.737000000000009,0.06651884700665188
BOT,HARD,7.0,87.6,1.972999999999999,0.07900677200902935
BOT,HARD,8.0,86.0,1.9069999999999965,0.09195402298850575
BOT,HARD,9.0,84.4,2.6970000000000027,0.10538641686182669
BOT,HARD,11.0,81.2,1.1869999999999976,0.13381995133819952
BOT,HARD,12.0,79.6,1.1749999999999972,0.14888337468982632
BOT,HARD,13.0,78.0,1.2720000000000056,0.16455696202531644
BOT,HARD,14.0,76.4,1.016999999999996,0.1808785529715762
BOT,HARD,15.0,74.8,1.2999999999999972,0.1978891820580475
BOT,HARD,16.0,73.19999999999999,0.9180000000000064,0.21563342318059303
BOT,HARD,17.0,71.6,1.4879999999999995,0.23415977961432508
BOT,HARD,18.0,70.0,1.1290000000000049,0.2535211267605634
BOT,HARD,19.0,68.4,1.644999999999996,0.2737752161383285
BOT,HARD,20.0,66.8,1.5120000000000005,0.2949852507374631
BOT,HARD,21.0,65.19999999999999,1.5259999999999962,0.3172205438066466
BOT,HARD,22.0,63.6,1.4129999999999967,0.3405572755417957
BOT,HARD,23.0,62.0,1.5760000000000076,0.36507936507936506
BOT,HARD,24.0,60.4,1.588000000000008,0.39087947882736157
BOT,HARD,25.0,58.8,1.4750000000000085,0.4180602006688963
BOT,HARD,26.0,57.2,1.429000000000002,0.4467353951890034
BOT,HARD,28.0,54.0,2.024000000000001,0.509090909090909
BOT,HARD,2.0,49.2,0.3329999999999984,0.0398406374501992
BOT,HARD,3.0,47.6,0.22400000000000375,0.06172839506172839
BOT,HARD,4.0,46.0,0.1110000000000042,0.0851063829787234
BOT,HARD,5.0,44.39999999999999,0.5859999999999985,0.1101321585903084
BOT,HARD,6.0,42.8,3.7580000000000098,0.13698630136986303
BOT,HARD,7.0,41.2,1.4669999999999987,0.16587677725118483
BOT,HARD,8.0,39.6,1.8190000000000026,0.19704433497536944
BOT,HARD,9.0,38.0,0.2890000000000015,0.23076923076923078
BOT,HARD,10.0,36.39999999999999,0.132000000000005,0.2673796791443851
BOT,HARD,11.0,34.8,0.16100000000000136,0.30726256983240224
BOT,HARD,12.0,33.19999999999999,0.0,0.35087719298245623
BOT,HARD,13.0,31.599999999999994,0.03499999999999659,0.3987730061349694
BOT,HARD,14.0,30.0,2.475999999999999,0.45161290322580644
BOT,HARD,15.0,28.39999999999999,0.22700000000000387,0.5102040816326532
BOT,HARD,16.0,26.8,0.6340000000000003,0.5755395683453237
BOT,HARD,17.0,25.19999999999999,0.39799999999999613,0.6488549618320614
BOT,HARD,18.0,23.599999999999994,0.6069999999999993,0.7317073170731709
BOT,HARD,19.0,22.0,0.5880000000000081,0.8260869565217391
PIA,MEDIUM,2.0,106.8,3.0330000000000013,0.01855287569573284
PIA,MEDIUM,3.0,105.2,2.469999999999999,0.02824858757062147
PIA,MEDIUM,4.0,103.6,2.382000000000005,0.03824091778202677
PIA,MEDIUM,5.0,102.0,2.394999999999996,0.04854368932038835
PIA,MEDIUM,6.0,100.4,2.3829999999999956,0.05917159763313609
PIA,MEDIUM,7.0,98.8,2.6779999999999973,0.07014028056112225
PIA,MEDIUM,8.0,97.2,2.8530000000000086,0.0814663951120163
PIA,HARD,3.0,92.4,2.5289999999999964,0.032119914346895075
PIA,HARD,4.0,90.8,2.7489999999999952,0.04357298474945534
PIA,HARD,5.0,89.2,2.227000000000004,0.05543237250554323
PIA,HARD,6.0,87.6,1.7690000000000055,0.06772009029345373
PIA,HARD,7.0,86.0,1.7620000000000005,0.08045977011494253
PIA,HARD,8.0,84.4,1.8160000000000025,0.09367681498829039
PIA,HARD,11.0,79.6,1.671999999999997,0.13647642679900746
PIA,HARD,12.0,78.0,1.8859999999999957,0.1518987341772152
PIA,HARD,13.0,76.4,1.7240000000000038,0.16795865633074933
PIA,HARD,14.0,74.8,1.8140000000000072,0.18469656992084432
PIA,HARD,15.0,73.19999999999999,1.617999999999995,0.20215633423180596
PIA,HARD,16.0,71.6,1.6310000000000002,0.22038567493112948
PIA,HARD,17.0,70.0,1.3979999999999961,0.23943661971830985
PIA,HARD,18.0,68.4,2.043999999999997,0.25936599423631124
PIA,HARD,19.0,66.8,2.088000000000008,0.28023598820059
PIA,HARD,20.0,65.19999999999999,2.0049999999999955,0.3021148036253777
PIA,HARD,21.0,63.6,3.280000000000001,0.325077399380805
PIA,HARD,22.0,62.0,2.320999999999998,0.3492063492063492
PIA,HARD,23.0,60.4,1.9339999999999975,0.3745928338762215
PIA,HARD,24.0,58.8,1.7900000000000063,0.4013377926421405
PIA,HARD,25.0,57.2,1.9009999999999962,0.42955326460481097
PIA,HARD,26.0,55.6,2.0390000000000015,0.45936395759717313
PIA,HARD,27.0,54.0,1.8599999999999994,0.4909090909090909
PIA,HARD,28.0,52.4,1.847999999999999,0.5243445692883896
PIA,HARD,29.0,50.8,1.6910000000000025,0.5598455598455598
PIA,HARD,3.0,44.39999999999999,1.2250000000000085,0.06607929515418504
PIA,HARD,4.0,42.8,0.8810000000000002,0.09132420091324202
PIA,HARD,5.0,41.2,0.28600000000000136,0.11848341232227487
PIA,HARD,6.0,39.6,0.19599999999999795,0.14778325123152708
PIA,HARD,7.0,38.0,0.02400000000000091,0.1794871794871795
PIA,HARD,8.0,36.39999999999999,0.4159999999999968,0.21390374331550807
PIA,HARD,9.0,34.8,0.4830000000000041,0.25139664804469275
PIA,HARD,10.0,33.19999999999999,0.3889999999999958,0.29239766081871355
PIA,HARD,11.0,31.599999999999994,0.1530000000000058,0.33742331288343563
PIA,HARD,12.0,30.0,0.29699999999999704,0.3870967741935484
PIA,HARD,13.0,28.39999999999999,0.5190000000000055,0.4421768707482994
PIA,HARD,14.0,26.8,0.09600000000000364,0.5035971223021583
PIA,HARD,15.0,25.19999999999999,0.10900000000000887,0.5725190839694659
PIA,HARD,16.0,23.599999999999994,0.0,0.6504065040650407
PIA,HARD,17.0,22.0,0.5550000000000068,0.7391304347826086
PIA,HARD,18.0,20.39999999999999,0.15800000000000125,0.8411214953271031
